Street,City/Town,State/Province/Region,Zip/Postal Code,Phone Number,Country,Latitude,Longitude,Full Name,Gender,Birthday,Social Security Number,Credit card brand,Credit card number,Expire,CVV
24 Rue Tiquetonne,Paris,Paris,75002,01 42 33 50 83,France,48.864701,2.348475,Benoît Descamps,male,9/23/1986,443-44-1098 ,EnRoute,2.14934E+15,2029/5,294
4 Boulevard de Grenelle,Paris,Paris,75015,,France,48.854008,2.288886,René de la Verdier,male,8/23/1979,124-84-4469 ,EnRoute,2.01451E+15,2029/12,238
5 Rue Audran,Paris,Paris,75018,01 42 62 24 23,France,48.885236,2.335906,Colette Teixeira,female,12/16/1994,473-73-9405 ,American Express,3.45409E+14,2030/3,279
85 Boulevard de Sebastopol,Paris,Paris,75002,01 42 36 17 65,France,48.864841,2.351744,Juliette Marion,female,12/18/1979,733-67-9382 ,Voyager,8.69962E+15,2027/12,594
2 Rue du Faubourg Saint-Honore,Paris,Paris,75008,01 44 94 14 70,France,48.868529,2.322995,Patricia Levy,female,6/8/1995,045-07-0437 ,Visa,4.5322E+15,2027/10,731
31 Avenue Secretan,Paris,Paris,75019,01 42 08 92 87,France,48.881364,2.373165,Bertrand Verdier,male,10/1/1985,638-81-4362 ,Diners Club,3.02728E+15,2030/5,774
124 Rue du Faubourg Saint-Honore,Paris,Paris,75008,01 43 59 06 86,France,48.872043,2.313505,Gilles Aubert,male,5/26/1986,717-67-6218 ,Diners Club,3.02443E+15,2030/6,510
30 Avenue d'Italie,Paris,Paris,75013,01 45 81 30 05,France,48.829429,2.355752,Josette Langlois,female,12/31/1987,323-17-0345 ,Visa,4.91679E+15,2027/11,714
43 Avenue de Clichy,Paris,Paris,75017,01 42 93 22 04,France,48.88676,2.325805,Théodore Roy,male,7/11/1999,484-31-7116 ,Voyager,8.69944E+15,2027/7,611
38 Rue Balard,Paris,Paris,75015,01 45 57 86 86,France,48.84312,2.277359,Xavier Allard,male,11/27/1975,675-07-4449 ,American Express,3.46159E+14,2028/2,821
15 Rue Cail,Paris,Paris,75010,01 46 07 72 43,France,48.882679,2.36038,Anastasie Torres,female,10/21/1979,749-32-6008 ,Mastercard,5.50088E+15,2030/9,169
79 Rue Lamarck,Paris,Paris,75018,01 46 06 33 33,France,48.890238,2.336315,Joseph Thibault-Lefevre,male,12/17/1979,551-88-1955 ,Discover,6.01136E+15,2028/7,321
14 Rue Papillon,Paris,Paris,75009,01 47 70 78 34,France,48.876343,2.347215,Pierre-Édouard Garcia,male,3/9/1987,258-46-1933 ,JCB,3.51661E+15,2030/5,630
138 Boulevard de la Villette,Paris,Paris,75019,01 84 17 50 18,France,48.87893,2.370542,René Robin,male,11/22/1998,564-73-1022 ,Discover,6.01166E+15,2028/2,5
55 Rue des Vinaigriers,Paris,Paris,75010,01 46 07 09 49,France,48.873133,2.359599,Christine Ribeiro,female,12/5/1973,230-64-8725 ,Visa,4.92986E+15,2027/12,191
Rue de Clignancourt,Paris,Paris,75018,01 42 52 55 77,France,48.886692,2.347801,Julie Bruneau,female,12/2/1978,344-63-2780 ,Diners Club,3.01726E+15,2030/8,827
79 Boulevard de Magenta,Paris,Paris,75010,01 47 70 11 54,France,48.87608,2.355992,Nathalie-Inès Petitjean,female,12/23/1993,312-47-8388 ,JCB,3.5272E+15,2030/12,117
73 Avenue Paul Doumer,Paris,Paris,75116,01 45 04 53 34,France,48.859448,2.278341,Alice Lambert,female,7/29/1992,767-66-1645 ,Discover,6.0111E+15,2027/3,741
47 Rue de Babylone,Paris,Paris,75007,01 45 51 50 47,France,48.851682,2.318379,William Da Silva-Alexandre,male,2/28/1991,393-19-1153 ,Visa,4.55608E+15,2031/2,42
76 Rue Saint-Maur,Paris,Paris,75011,01 48 06 40 76,France,48.864067,2.378517,Gabrielle Richard,female,11/2/1994,526-02-4602 ,Discover,6.01193E+15,2027/7,530
53 Rue Saint-Fargeau,Paris,Paris,75020,01 40 30 30 03,France,48.872008,2.405238,Bernard Rousset,male,6/20/1974,091-94-8237 ,Visa,4.55623E+15,2031/2,880
137 Rue du Faubourg du Temple,Paris,Paris,75010,01 42 39 68 68,France,48.871964,2.376426,Patrick Hebert,male,11/9/1981,080-54-1297 ,Unionpay,6.2383E+15,2030/11,827
273 Avenue Daumesnil,Paris,Paris,75012,01 43 07 56 97,France,48.836004,2.405898,Guy Marchand,male,11/24/1976,489-31-5768 ,Diners Club,3.60887E+15,2027/5,8
7 Place de Mexico,Paris,Paris,75016,01 47 04 67 86,France,48.86544,2.282998,Arthur Fournier-Sanchez,male,2/5/1990,767-98-9816 ,Mastercard,5.26004E+15,2029/2,516
153 Rue Saint-Maur,Paris,Paris,75011,01 48 07 25 35,France,48.868246,2.374921,Sébastien-Pierre Rossi,male,4/30/1988,886-41-9632 ,Unionpay,6.22012E+15,2031/2,974
4 Rue Lamarck,Paris,Paris,75018,01 42 51 37 32,France,48.886348,2.344241,Jacqueline de Mary,female,2/28/1988,411-60-1714 ,American Express,3.74141E+14,2027/3,446
34 Rue des Vinaigriers,Paris,Paris,75010,09 50 57 79 25,France,48.873241,2.362284,Anastasie Le Ferrand,female,11/2/1977,158-36-9553 ,Diners Club,3.0375E+15,2031/6,308
70 Rue de la Verrerie,Paris,Paris,75004,01 42 71 78 82,France,48.85865,2.351177,Clémence Blin,female,3/20/1994,511-90-3137 ,JCB,3.55797E+15,2031/11,624
10 Avenue de l'Opera,Paris,Paris,75001,01 42 96 01 80,France,48.864842,2.335008,Claude Jean,male,4/27/1983,261-30-6069 ,American Express,3.46338E+14,2030/2,791
54 Rue du Four,Paris,Paris,75006,01 45 48 32 21,France,48.852265,2.330426,Grégoire Regnier,male,8/20/1975,539-01-3826 ,Voyager,8.69999E+15,2027/1,116
66 Avenue d'Ivry,Paris,Paris,75013,01 43 55 87 21,France,48.824809,2.364183,André Bertrand,male,7/7/1972,339-13-0298 ,Mastercard,5.17109E+15,2030/3,525
26 Rue de la Huchette,Paris,Paris,75005,01 44 27 05 97,France,48.852956,2.345739,Pierre-Christophe Langlois,male,7/2/1997,573-76-1363 ,JCB,3.54198E+15,2031/12,813
36 Rue Leopold Bellan,Paris,Paris,75002,01 45 08 45 83,France,48.866736,2.344727,Suzanne de la Lecoq,female,3/30/1977,011-20-9277 ,Visa,4.71629E+15,2030/2,391
Place de la Contrescarpe,Paris,Paris,75005,01 46 33 61 54,France,48.8445,2.349611,Louise Didier,female,1/7/1986,180-20-9014 ,Unionpay,6.20946E+15,2028/9,757
4 Place de l'Opera,Paris,Paris,75002,01 44 51 99 76,France,48.870378,2.332819,Brigitte Peltier,female,2/20/1989,526-75-8536 ,JCB,3.56451E+15,2027/8,172
25 Rue de Saussure,Paris,Paris,75017,01 56 33 23 23,France,48.884156,2.316146,Laurent Ferrand,male,9/5/1974,691-18-8435 ,EnRoute,2.14902E+15,2031/6,624
3e Arrondissement,Paris,Paris,75003,01 42 72 17 57,France,48.861126,2.357897,Patrick Guillet-Verdier,male,10/17/1998,801-64-6894 ,Visa,4.53254E+15,2028/12,329
16 Avenue Bugeaud,Paris,Paris,75116,01 56 28 16 16,France,48.870301,2.283063,Bernadette Daniel,female,12/1/1991,875-01-5038 ,Voyager,8.69991E+15,2030/12,984
25 Boulevard de Reuilly,Paris,Paris,75012,01 43 46 51 84,France,48.839387,2.391804,Philippe Baudry,male,2/18/2000,519-88-6985 ,Mastercard,5.11561E+15,2029/1,111
1 Rue de la Harpe,Paris,Paris,75005,01 46 34 09 70,France,48.853096,2.344664,Tristan de Petitjean,male,5/9/1993,521-17-9178 ,Visa,4.71635E+15,2029/12,809
93 Rue de Crimee,Paris,Paris,75019,01 42 01 19 13,France,48.883866,2.384559,Élise Le Gautier,female,1/8/1978,562-45-7394 ,American Express,3.47698E+14,2027/4,355
15 Rue du Depart,Paris,Paris,75014,01 40 47 60 33,France,48.842626,2.323742,Victor Boutin,male,4/28/1973,672-69-1747 ,EnRoute,2.01445E+15,2030/1,670
17 Rue Brea,Paris,Paris,75006,01 43 29 38 24,France,48.842981,2.330053,Charles Grenier,male,11/16/1983,312-66-1548 ,EnRoute,2.14957E+15,2029/4,728
24 Rue de la Paix,Paris,Paris,75002,01 47 42 56 25,France,48.869926,2.332084,Colette Boulanger,female,9/19/1982,621-95-0777 ,JCB,3.55915E+15,2029/7,260
99 Rue de Charenton,Paris,Paris,75012,09 81 09 48 92,France,48.847458,2.37767,Georges Lemoine,male,1/7/1994,055-59-3513 ,Diners Club,3.60692E+15,2029/10,864
63 Rue Falguiere,Paris,Paris,75015,01 43 22 05 39,France,48.840695,2.313124,Philippine Robert,female,1/6/1982,073-01-4747 ,Voyager,8.69905E+15,2029/10,557
32 Place Saint-Ferdinand,Paris,Paris,75017,01 45 74 27 27,France,48.878121,2.287826,Grégoire Lemonnier,male,10/14/1980,637-52-0941 ,Diners Club,3.01845E+15,2031/4,495
131 Boulevard Exelmans,Paris,Paris,75016,01 46 51 89 19,France,48.847382,2.258949,Émile Lemaitre-Allard,male,10/8/1973,652-09-4359 ,Unionpay,6.2526E+15,2027/3,383
66 Rue Pergolese,Paris,Paris,75116,01 40 67 85 00,France,48.873045,2.28072,Christine-Laure Brun,female,8/23/1979,054-35-1726 ,Diners Club,3.02203E+15,2027/6,325
101 Avenue d'Italie,Paris,Paris,75013,01 44 24 23 85,France,48.823103,2.358374,Adélaïde de la Gay,female,2/4/1975,274-69-8143 ,Mastercard,5.52405E+15,2029/5,67
116 Boulevard Raspail,Paris,Paris,75006,01 45 44 48 13,France,48.844518,2.328605,Madeleine Jacquot,female,4/1/1996,276-46-8173 ,Unionpay,6.21808E+15,2030/11,190
34 Rue de Citeaux,Paris,Paris,75012,01 58 51 14 04,France,48.849546,2.381206,Hélène Le Tanguy,female,2/20/1990,588-18-6654 ,Voyager,8.69908E+15,2029/8,289
13 Boulevard du Temple,Paris,Paris,75003,01 42 71 20 00,France,48.863933,2.365963,Daniel Martinez,male,5/24/1975,689-10-3381 ,EnRoute,2.14991E+15,2027/7,138
4 Boulevard Saint-Marcel,Paris,Paris,75005,01 43 31 37 50,France,48.839712,2.360882,Étienne Marchal,male,3/4/1980,350-61-3127 ,Visa,4.55654E+15,2031/1,428
26 Boulevard Jules Ferry,Paris,Paris,75011,06 44 30 86 08,France,48.868504,2.368015,Margaret Raynaud,female,6/30/1986,763-73-3167 ,Discover,6.01158E+15,2028/4,591
43 Rue de Seine,Paris,Paris,75006,01 43 26 68 15,France,48.855398,2.336899,Agnès Marion,female,1/8/1993,099-44-0688 ,EnRoute,2.01462E+15,2030/3,676
10 Allee du Bord de l'Eau,Paris,Paris,75016,01 44 14 20 00,France,48.863843,2.228749,Alain Clement,male,8/2/1984,665-79-2712 ,Diners Club,3.02225E+15,2028/2,809
45 Rue du Cherche-Midi,Paris,Paris,75006,01 42 22 51 07,France,48.849118,2.325784,Marie Paul,female,4/22/1990,283-59-5371 ,Discover,6.01159E+15,2029/4,981
22 Rue de la Roquette,Paris,Paris,75011,01 43 55 00 99,France,48.853974,2.371148,Adèle Olivier-Brunel,female,2/7/1987,697-04-1849 ,EnRoute,2.14924E+15,2031/7,672
57 Bis Rue de Babylone,Paris,Paris,75007,01 45 55 48 48,France,48.851704,2.316322,Marc Roche-Guilbert,male,4/10/1998,586-26-7517 ,Voyager,8.69976E+15,2031/11,284
14 Rue Saussier-Leroy,Paris,Paris,75017,01 47 66 93 97,France,48.879712,2.296333,Louis Durand,male,10/9/1971,660-91-3288 ,Visa,4.55693E+15,2031/2,864
53 Rue Montmartre,Paris,Paris,75002,01 42 36 02 80,France,48.865896,2.34452,Marcel Gillet,male,7/10/1978,207-33-1974 ,EnRoute,2.0149E+15,2028/2,627
98 Rue Jean-Pierre Timbaud,Paris,Paris,75011,01 43 57 58 03,France,48.867849,2.378253,Valentine-Gabrielle Charrier,female,1/3/1988,764-29-9847 ,Voyager,8.69958E+15,2027/9,358
70 Rue Julien Lacroix,Paris,Paris,75020,01 42 02 42 02,France,48.872229,2.382557,Émile Loiseau-Remy,male,5/23/1981,545-69-2131 ,Discover,6.01129E+15,2030/4,761
11 Rue Sainte-Croix de la Bretonnerie,Paris,Paris,75004,01 48 87 25 61,France,48.85804,2.356552,Henri Schneider,male,8/18/1978,476-53-2426 ,American Express,3.79382E+14,2028/12,848
5 Rue de la Huchette,Paris,Paris,75005,01 43 26 65 05,France,48.852771,2.346319,Philippe Ferreira,male,7/8/1992,648-66-9559 ,Voyager,8.69972E+15,2030/6,384
26 Avenue de la Republique,Paris,Paris,75011,01 43 55 37 73,France,48.86586,2.370617,Catherine-Alice Boulay,female,10/24/1971,535-22-5172 ,Visa,4.5561E+15,2028/6,411
18 Rue Clement Marot,Paris,Paris,75008,01 53 57 49 50,France,48.867774,2.303226,François Lamy,male,1/6/1976,318-66-7208 ,Mastercard,5.13219E+15,2030/5,211
23 bis Rue las Cases,Paris,Paris,75007,01 44 18 62 63,France,48.858653,2.319408,Benoît Hubert-Besnard,male,4/24/1984,753-08-7863 ,Unionpay,6.25284E+15,2027/11,965
52 Rue de Rivoli,Paris,Paris,75004,01 42 74 95 82,France,48.857263,2.353736,Tristan Caron,male,7/22/1995,324-50-1941 ,American Express,3.75174E+14,2029/3,141
86 Rue de Patay,Paris,Paris,75013,01 53 79 15 46,France,48.827318,2.372114,Colette Aubert,female,10/16/1983,325-05-9433 ,Diners Club,3.61969E+15,2031/11,856
68 Boulevard Saint-Germain,Paris,Paris,75005,01 43 54 52 44,France,48.85045,2.347455,Gérard-Gérard Auger,male,12/24/1970,373-46-8914 ,Diners Club,3.03162E+15,2031/8,618
163Bis Avenue de Clichy,Paris,Paris,75017,01 40 25 20 00,France,48.892019,2.315167,Laure Renault-Lamy,female,2/27/1990,741-31-3949 ,Mastercard,5.54635E+15,2031/5,742
41 Rue Coquilliere,Paris,Paris,75001,,France,48.864575,2.340673,Laetitia Bouvet,female,12/10/1990,438-18-8794 ,Unionpay,6.21304E+15,2028/3,658
3 Rue Clavel,Paris,Paris,75019,01 42 38 22 58,France,48.874467,2.3851,Nath Louis,female,8/31/1970,780-43-9654 ,American Express,3.41855E+14,2030/8,81
3 Rue du Moulin des Pres,Paris,Paris,75013,01 45 81 53 09,France,48.830038,2.35291,Anouk Chretien,female,12/6/1982,401-50-8451 ,American Express,3.70817E+14,2031/12,398
11 Rue Pinel,Paris,Paris,75013,01 45 85 13 65,France,48.833684,2.360293,Édith Noel,female,12/13/1971,708-52-5917 ,Voyager,8.7E+15,2028/9,100
1 Rue Fernand Foureau,Paris,Paris,75012,01 40 01 03 08,France,48.846224,2.411351,Arthur Couturier,male,6/27/1989,620-87-6708 ,Discover,6.01148E+15,2031/10,427
38 Rue Saint-Antoine,Paris,Paris,75004,09 51 10 23 20,France,48.854075,2.364721,Antoine Hebert,male,3/21/1984,424-69-4570 ,Mastercard,5.5839E+15,2029/8,959
74 Rue Botzaris,Paris,Paris,75019,01 42 01 27 65,France,48.879456,2.388509,Gérard Guichard-Collet,male,6/3/1997,812-24-5567 ,Discover,6.01139E+15,2031/7,642
155 Boulevard de Magenta,Paris,Paris,75009,01 42 82 08 08,France,48.883321,2.349495,René Le Gomez,male,3/25/1989,807-30-1333 ,Diners Club,3.02213E+15,2031/9,133
66 Rue de Rennes,Paris,Paris,75006,01 53 63 09 82,France,48.85216,2.331473,Guy Joseph,male,2/28/1986,356-06-4332 ,Diners Club,3.02108E+15,2029/12,315
81 Boulevard Gouvion-Saint-Cyr,Paris,Paris,75017,01 40 68 34 34,France,48.879479,2.284943,Mathilde Coulon,female,3/4/1977,271-15-1376 ,Discover,6.01156E+15,2030/7,939
36 Rue de Sevigne,Paris,Paris,75003,01 48 87 27 10,France,57.295779,-180,Marc Barbier,male,8/22/1986,167-05-0364 ,Voyager,8.69985E+15,2029/8,384
32 Rue Tiquetonne,Paris,Paris,75002,01 42 36 99 49,France,,,Victor Picard,male,11/27/1973,796-50-7308 ,Unionpay,6.26278E+15,2028/11,578
170 Boulevard Haussmann,Paris,Paris,75008,01 53 77 66 77,France,48.874933,2.306614,Philippe Joseph-Bertrand,male,6/3/1983,549-07-9919 ,Unionpay,6.24292E+15,2028/9,239
4 Boulevard Richard Lenoir,Paris,Paris,75011,01 47 00 02 48,France,48.85392,2.369933,Brigitte Dumas,female,2/3/1976,732-57-6714 ,Discover,6.01179E+15,2028/5,650
15 Rue Alfred Dehodencq,Paris,Paris,75016,01 40 50 70 70,France,48.85993,2.270913,Thierry Roussel,male,4/20/1971,823-93-0817 ,EnRoute,2.01483E+15,2030/7,970
29 Rue Basfroi,Paris,Paris,75011,01 44 64 08 04,France,48.855324,2.37896,Philippe-Stéphane Payet,male,4/15/1975,333-25-5427 ,Diners Club,3.00405E+15,2027/10,811
5 Rue Andre Antoine,Paris,Paris,75018,06 09 81 93 59,France,48.882924,2.337387,Mathilde Barthelemy,female,11/24/1976,427-81-1159 ,Diners Club,3.86031E+15,2028/5,130
17 Rue Baudelique,Paris,Paris,75018,01 42 62 43 93,France,48.89281,2.347261,Mathilde Pasquier,female,1/27/1999,460-29-6369 ,Mastercard,5.23395E+15,2029/1,124
19 Rue de la Roquette,Paris,Paris,75011,01 48 05 10 32,France,48.854605,2.371905,Denis Jean-Brunel,male,9/13/1971,723-55-2266 ,JCB,3.58637E+15,2027/8,514
20 Rue la Vieuville,Paris,Paris,75018,01 42 57 13 55,France,48.884668,2.340288,Maryse Guyon,female,8/28/1985,029-77-0568 ,Voyager,8.69966E+15,2028/9,591
8 Rue Gustave Flaubert,Paris,Paris,75017,01 43 80 18 30,France,48.881466,2.298992,Alexandre Bertin,male,12/11/1974,707-11-6303 ,Mastercard,5.1572E+15,2031/7,170
66 Boulevard du Montparnasse,Paris,Paris,75015,01 43 20 33 88,France,48.8463,2.317162,Marine-Édith Martel,female,11/4/1975,606-53-5229 ,JCB,3.51688E+15,2030/4,888
95 Rue Raymond Losserand,Paris,Paris,75014,01 45 42 13 79,France,48833281,2316941,Éric-Charles Valette,male,7/19/1971,275-62-6589 ,Unionpay,6.2524E+15,2030/4,367
25 Rue Jean Giraudoux,Paris,Paris,75016,01 47 23 47 22,France,48.86957,2.296582,Susanne Navarro,female,11/24/1992,265-03-4980 ,Visa,4.02401E+15,2031/1,698
98 Rue de Courcelles,Paris,Paris,75017,01 47 63 18 13,France,48.879277,2.302837,Constance Coulon-Langlois,female,10/24/1999,097-78-7450 ,Voyager,8.6991E+15,2030/6,132
119 Rue des Dames,Paris,Paris,75017,01 44 90 07 63,France,48.882664,2.316941,Maggie Leduc,female,1/24/1982,154-41-8541 ,Voyager,8.69981E+15,2031/11,264
25 Place Dauphine,Paris,Paris,75001,01 43 54 44 53,France,48.856689,2.341854,Jean Klein,male,2/2/1998,051-36-8258 ,Voyager,8.69993E+15,2031/6,10
21-23 Boulevard Haussmann,Paris,Paris,75009,01 53 24 99 65,France,48873690,2333006,Brigitte-Astrid Michaud,female,4/24/1974,047-45-7167 ,Mastercard,5.25027E+15,2031/2,649
3 Avenue Theophile Gautier,Paris,Paris,75016,01 42 88 56 46,France,48.851061,2.27521,Madeleine Dubois,female,7/8/1991,491-88-7321 ,Discover,6.01178E+15,2027/9,502
3 Rue Mayet,Paris,Paris,75006,01 47 83 21 35,France,48.847109,2.318537,Jacqueline Vaillant,female,7/11/1986,379-81-1135 ,American Express,3.43453E+14,2030/8,372
18 Rue de la Croix Nivert,Paris,Paris,75015,01 47 83 26 17,France,48.847077,2.300165,Yves Perrier,male,7/4/1982,862-70-1041 ,EnRoute,2.01496E+15,2029/7,164
21 Rue Mazarine,Paris,Paris,75006,01 46 33 76 90,France,48.855038,2.337999,Virginie Wagner-Gomes,female,5/9/1997,868-13-7259 ,JCB,3.55972E+15,2029/9,322
6 Place Saint-Germain des Pres,Paris,Paris,75006,01 45 49 62 32,France,48.854195,2.333184,Benjamin-Sébastien Gilbert,male,8/26/1994,136-73-8104 ,Visa,4.53997E+15,2027/8,56
106 Rue de la Folie Mericourt,Paris,Paris,75011,01 43 57 33 78,France,48.86788,2.368704,Charlotte de Dumont,female,1/20/1997,655-48-3054 ,EnRoute,2.1499E+15,2027/9,436
1 Rue du Docteur Magnan,Paris,Paris,75013,01 56 61 90 00,France,48.827425,2.362372,Richard Brun,male,8/6/1975,215-48-3091 ,Voyager,8.69927E+15,2028/7,371
Place de l'Hotel de ville,Paris,Paris,75004,01 42 76 40 40,France,48.856483,2.352414,Charlotte Valentin,female,3/17/1989,470-31-8103 ,Mastercard,5.18858E+15,2029/12,871
1 Rue Guisarde,Paris,Paris,75006,01 43 54 74 18,France,48.851903,2.335045,Vincent du Becker,male,3/10/1976,267-94-2753 ,JCB,3.57943E+15,2027/2,886
53 Rue de Charenton,Paris,Paris,75012,01 43 46 12 94,France,48.850792,2.373028,Patricia Roche,female,2/7/1981,457-03-7985 ,Unionpay,6.23489E+15,2029/10,313
20 Rue des Francs Bourgeois,Paris,Paris,75003,01 44 54 02 98,France,48857386,2361512,Denise de la Vasseur,female,2/13/1979,150-25-8812 ,Unionpay,6.26012E+15,2031/4,759
29 Place Jeanne d'Arc,Paris,Paris,75013,01 45 70 96 58,France,48.829491,2.367782,Noël de la Lelievre,male,8/27/2000,151-46-5970 ,Voyager,8.69934E+15,2028/12,992
59 Rue des Gravilliers,Paris,Paris,75003,01 42 71 44 54,France,48.864398,2.354814,Marianne Thierry-Louis,female,3/4/1973,387-41-8489 ,American Express,3.48516E+14,2028/1,900
5 Place de Clichy,Paris,Paris,75017,01 45 22 36 76,France,48.883651,2.326652,Arthur Perrin,male,9/30/1996,281-34-4377 ,Visa,4.53924E+15,2027/9,38
8 Rue Elzevir,Paris,Paris,75003,01 40 27 07 21,France,48.858191,2.361519,Dominique de la Maillot,male,8/11/1999,550-28-6582 ,JCB,3.5086E+15,2027/7,143
1 Rue du Figuier,Paris,Paris,75004,01 42 78 14 60,France,48.853458,2.359039,Gabriel Jean,male,8/11/1993,495-66-7770 ,Voyager,8.69953E+15,2030/8,383
111 Rue la Fayette,Paris,Paris,75010,01 45 26 26 45,France,48.878181,2.352356,André Jacquot,male,9/29/1972,433-11-3608 ,Discover,6.01144E+15,2028/8,726
9 Rue Aboukir,Paris,Paris,75002,01 40 26 44 19,France,48.866254,2.342381,Adrien Maury,male,12/29/1978,570-18-4818 ,Mastercard,5.25377E+15,2031/7,655
39 Rue Saint-Louis en l'Ile,Paris,Paris,75004,01 46 33 66 07,France,48.851954,2.356086,Raymond Marchand,male,3/2/1986,799-23-6369 ,Unionpay,6.22889E+15,2031/9,684
30 Rue du Chevaleret,Paris,Paris,75013,01 45 88 16 30,France,48.827576,2.377339,Franck Perrin,male,3/2/1987,219-25-6898 ,JCB,3.59733E+15,2028/8,675
271 Boulevard Pereire,Paris,Paris,75017,01 45 74 27 97,France,48.878053,2.285063,Bernadette Leleu,female,8/19/1984,361-05-7034 ,JCB,3.51491E+15,2030/2,130
20 Rue de Picardie,Paris,Paris,75003,06 47 49 58 88,France,48.863759,2.362768,Joséphine Jacques,female,5/7/1979,432-35-8741 ,Diners Club,3.03591E+15,2031/12,461
32 Rue des Martyrs,Paris,Paris,75009,0 826 82 66 28,France,48.878777,2.33988,Thérèse Marques,female,5/26/1997,450-60-7157 ,American Express,3.72976E+14,2027/12,247
37 Rue de Fecamp,Paris,Paris,75012,06 20 42 22 03,France,48.836103,2.400032,Benoît-Julien Normand,male,12/1/1995,092-22-8171 ,American Express,3.42353E+14,2028/3,434
26 Rue des 3 Freres,Paris,Paris,75018,01 42 62 58 54,France,48.884939,2.34091,Anastasie Legros,female,5/7/1990,708-23-5582 ,Diners Club,3.85925E+15,2027/3,364
42 Rue des Bernardins,Paris,Paris,75005,01 46 34 13 00,France,48.848759,2.349585,Benjamin Bourdon-Texier,male,4/19/1978,226-86-7095 ,JCB,3.53278E+15,2031/7,790
47 Rue Villiers de l'Isle Adam,Paris,Paris,75020,01 43 15 18 18,France,48.867067,2.395769,Marc Rousseau,male,12/17/1999,789-53-3942 ,Mastercard,5.10903E+15,2030/7,410
9 Rue Boissy d'Anglas,Paris,Paris,75008,01 42 66 65 57,France,48.868001,2.32139,Pénélope Gonzalez,female,5/19/1973,385-23-9936 ,EnRoute,2.14909E+15,2028/3,789
9 Rue Royer-Collard,Paris,Paris,75005,01 43 26 13 13,France,48.845768,2.341812,Andrée Reynaud,female,8/19/1977,383-14-1694 ,EnRoute,2.01443E+15,2028/12,865
93 Rue de la Jonquiere,Paris,Paris,75017,09 80 67 61 17,France,48.895068,2.316945,Émilie Briand,female,11/16/1972,300-42-2470 ,Unionpay,6.21434E+15,2029/9,577
21 Rue du Vieux Colombier,Paris,Paris,75006,01 44 39 87 00,France,48.851788,2.330227,Paulette Voisin,female,4/20/1972,235-03-0352 ,Unionpay,6.29084E+15,2031/1,562
129 Boulevard de Magenta,Paris,Paris,75010,01 48 78 03 65,France,48.880885,2.351747,William Martel,male,3/31/1981,551-06-1266 ,Discover,6.01188E+15,2031/2,366
28 Boulevard Voltaire,Paris,Paris,75011,01 48 06 69 97,France,48.864331,2.368953,Cécile Colin,female,3/19/1974,240-06-0631 ,EnRoute,2.01478E+15,2029/8,180
66 Avenue de la Grande Armee,Paris,Paris,75017,01 40 55 80 80,France,48.877102,2.285528,Marianne Perrier-Pires,female,9/29/1982,832-92-5978 ,EnRoute,2.01462E+15,2027/8,188
1 Rue Civiale,Paris,Paris,75010,01 42 45 44 99,France,48.872467,2.376276,Gilles Vincent,male,10/31/1973,673-83-2365 ,American Express,3.49777E+14,2031/9,675
25 Rue Bergere,Paris,Paris,75009,01 74 64 43 80,France,48.872414,2.344691,André-Guillaume Delattre,male,8/9/1996,795-88-1474 ,American Express,3.4796E+14,2028/4,472
10 rue Jean Mermoz,Paris,Paris,75008,01 42 25 99 79,France,48870430,2311300,Bernadette Renard,female,7/14/1973,185-62-1357 ,Discover,6.01133E+15,2029/9,870
20 Avenue de Laumiere,Paris,Paris,75019,01 42 02 85 48,France,48.884024,2.380588,Madeleine Carre,female,8/23/1970,034-91-0008 ,Unionpay,6.27674E+15,2027/4,488
Bois de Boulogne,Paris,Paris,75016,01 40 67 90 85,France,48.877586,2.269712,Mathilde Perret,female,10/9/1983,361-27-7902 ,EnRoute,2.01494E+15,2031/6,508
152 Rue du Chateau,Paris,Paris,75014,01 43 27 50 87,France,48.833954,2.322487,Alain Adam,male,4/5/1996,875-60-6353 ,JCB,3.5831E+15,2029/2,570
75 Bis Rue Auteuil,Paris,Paris,75016,01 46 51 56 33,France,48.847918,2.260828,Nathalie Dumas-Mallet,female,8/11/1987,748-05-7357 ,Visa,4.48548E+15,2027/4,306
151 Rue Saint-Charles,Paris,Paris,75015,01 45 79 37 73,France,48.842608,2.282235,Benjamin Blanchard,male,3/15/1986,371-18-8499 ,Voyager,8.69996E+15,2027/8,48
1 Rue Pierre Leroux,Paris,Paris,75007,01 43 06 14 18,France,48.850232,2.318638,Vincent Teixeira,male,10/3/1983,765-75-1044 ,EnRoute,2.01439E+15,2030/1,341
00056 Rue Mazarine,Paris,Paris,75006,01 77 10 37 62,France,48.854785,2.33787,Agnès Laurent,female,7/5/1989,225-13-0760 ,American Express,3.73241E+14,2028/5,999
53 Rue du Montparnasse,Paris,Paris,75014,01 43 20 87 19,France,48.842234,2.32583,Denis Mendes,male,5/23/1994,203-28-2996 ,Diners Club,3.80565E+15,2029/12,615
155 Boulevard Saint-Germain,Paris,Paris,75006,01 42 22 88 98,France,48.853867,2.332068,Nicolas Baudry-Lucas,male,9/17/1973,378-27-8172 ,Visa,4.48513E+15,2030/5,296
2 Avenue Foch,Paris,Paris,75016,01 45 00 00 13,France,48.873476,2.292634,Marcel Carlier,male,4/1/1992,587-46-6449 ,EnRoute,2.01426E+15,2028/5,630
1 Rue Borromee,Paris,Paris,75015,01 42 73 03 03,France,48.842141,2.304649,Lorraine Le Huet,female,12/6/1982,392-68-1544 ,JCB,3.58515E+15,2030/10,216
111 Rue du Faubourg Saint-Antoine,Paris,Paris,75011,0 826 82 66 28,France,48.851325,2.376881,Noémi Bernier,female,10/14/1987,076-55-4191 ,JCB,3.58799E+15,2031/3,121
9 Rue Bayen,Paris,Paris,75017,01 46 22 66 29,France,48.87894,2.295112,Margaux Delattre,female,6/5/1996,854-64-9368 ,JCB,3.54654E+15,2030/12,169
Place Jules Joffrin,Paris,Paris,75018,,France,48.892611,2.344769,Zacharie Francois,male,6/2/1991,471-90-7486 ,Diners Club,3.00096E+15,2028/7,451
203 Rue de la Convention,Paris,Paris,75015,01 53 68 90 68,France,48.836651,2.298797,Marcel Julien,male,3/11/1993,886-24-9546 ,EnRoute,2.01437E+15,2030/12,822
149 Rue de Rennes,Paris,Paris,75006,01 45 48 00 69,France,48.845487,2.325603,Éléonore Evrard,female,7/10/1976,572-83-0165 ,American Express,3.76989E+14,2027/11,77
22 Rue Jean Maridor,Paris,Paris,75015,01 45 54 68 13,France,48.838846,2.286293,Constance Michel,female,8/17/1980,115-57-3476 ,JCB,3.52749E+15,2030/5,584
Place de l'Odeon,Paris,Paris,75006,,France,48.849919,2.338655,Adrien Joly,male,12/8/1970,502-59-1002 ,Voyager,8.69958E+15,2031/1,706
3 Rue d'Aix,Paris,Paris,75010,01 42 08 09 04,France,48.869865,2.369776,Gilles Moulin-Descamps,male,10/21/1974,737-53-0503 ,Mastercard,5.47376E+15,2028/2,349
56 Bis Rue de Clichy,Paris,Paris,75009,01 53 20 04 04,France,48.881159,2.328583,Stéphane de Millet,male,1/14/1980,207-14-5844 ,JCB,3.59556E+15,2027/3,704
32 Avenue de Wagram,Paris,Paris,75017,01 44 09 02 02,France,48.876729,2.29744,Édouard Paris,male,10/29/1992,587-24-8676 ,Mastercard,5.44487E+15,2028/11,132
36 Rue Bonaparte,Paris,Paris,75006,01 43 26 00 19,France,48.85506,2.333724,Alex Verdier,female,11/14/1989,050-40-2222 ,Visa,4.37692E+15,2029/8,783
27 Rue Galande,Paris,Paris,75005,01 43 25 45 00,France,48.851189,2.347743,Jeanne Gaillard,female,10/20/1976,262-81-6320 ,Visa,4.55617E+15,2029/5,814
37 Rue Mauconseil,Paris,Paris,75001,01 42 36 91 18,France,48.864109,2.346748,Joseph Gilles,male,10/26/1995,068-10-0368 ,Voyager,8.69978E+15,2029/9,723
7 Rue Francis de Pressense,Paris,Paris,75014,01 45 40 07 50,France,48.833723,2.316593,Philippine Pires-Fernandez,female,3/3/1979,087-51-1200 ,Unionpay,6.25512E+15,2030/11,562
4 Rue Pierre Fontaine,Paris,Paris,75009,01 45 26 22 41,France,48.880676,2.334978,Anaïs du Antoine,female,7/12/1986,849-74-6670 ,Visa,4.67275E+15,2031/2,736
24 Rue de Miromesnil,Paris,Paris,75008,01 43 12 87 87,France,48.873009,2.316021,Dominique Chevallier,male,5/12/1975,484-05-6592 ,Voyager,8.69939E+15,2027/7,821
5 Rue Linne,Paris,Paris,75005,01 47 07 06 20,France,48.843939,2.354706,Rémy Lecomte,male,10/28/1999,536-51-3499 ,Unionpay,6.23557E+15,2030/6,656
13 Rue Saint-Paul,Paris,Paris,75004,01 42 74 36 38,France,48.853184,2.361269,Victor Royer,male,12/29/1976,040-48-8890 ,Visa,4.02401E+15,2028/12,951
39 Rue Caulaincourt,Paris,Paris,75018,01 42 64 59 80,France,48.888814,2.334256,Susanne Menard,female,1/31/1978,460-32-4510 ,Mastercard,5.36881E+15,2027/4,726
11 Rue Scribe,Paris,Paris,75009,01 43 12 32 40,France,48.8723,2.330821,Odette Berger,female,8/4/1996,445-50-7442 ,Diners Club,3.03316E+15,2030/8,386
42 Rue de Malte,Paris,Paris,75011,01 49 29 98 77,France,48.866209,2.367623,Michelle Barre,female,10/13/1985,150-93-5561 ,Discover,6.01156E+15,2028/7,787
19 Rue Sextius Michel,Paris,Paris,75015,01 53 95 07 33,France,48.850653,2.28875,Benjamin Raymond,male,9/21/1993,565-75-5543 ,Mastercard,5.10303E+15,2028/4,447
10 Rue du Helder,Paris,Paris,75009,01 40 22 99 09,France,48.871951,2.334999,Nathalie Thomas,female,8/24/1971,336-09-2768 ,American Express,3.4099E+14,2029/10,240
5 Rue Daubenton,Paris,Paris,75005,01 45 35 04 26,France,48.841459,2.35536,Alexandre Albert,male,8/16/1987,184-86-9524 ,American Express,3.7148E+14,2028/4,29
4 Rue Isly,Paris,Paris,75008,01 43 87 35 50,France,48.874866,2.325956,Théodore Jacques-Vallet,male,1/29/1995,533-57-0110 ,Discover,6.01121E+15,2030/1,21
2 Place Franz Liszt,Paris,Paris,75010,01 42 47 01 23,France,48.877575,2.351695,Maggie Vincent,female,9/26/1983,068-98-6391 ,Discover,6.01136E+15,2030/5,809
102 Rue de Rivoli,Paris,Paris,75001,01 44 88 28 28,France,48.865032,2.3284,Odette Meunier,female,5/25/1986,655-87-7446 ,Unionpay,6.25383E+15,2029/12,353
302 Rue des Pyrenees,Paris,Paris,75020,06 52 68 35 87,France,48.872216,2.39176,Charles-Maurice Gautier,male,11/1/1975,092-50-4740 ,Unionpay,6.2892E+15,2028/12,631
14 Rue Breguet,Paris,Paris,75011,01 48 05 36 36,France,48.856948,2.372545,Michèle Ledoux,female,11/8/1987,496-14-1406 ,Unionpay,6.23816E+15,2027/10,322
88 Rue Pierre Demours,Paris,Paris,75017,01 46 22 17 07,France,48.883086,2.298691,Aurore-Charlotte Noel,female,8/18/1979,719-67-4408 ,Unionpay,6.28951E+15,2028/6,336
3 Rue Surcouf,Paris,Paris,75007,01 40 62 96 70,France,48.862044,2.309358,Gilles Pasquier,male,12/9/1973,505-40-0670 ,Diners Club,3.00887E+15,2028/12,259
41 Boulevard Pasteur,Paris,Paris,75015,01 45 68 99 81,France,48.842643,2.313268,Astrid Humbert,female,6/3/1999,030-30-5453 ,Discover,6.0112E+15,2027/4,482
83 Rue Mouffetard,Paris,Paris,75005,01 43 37 64 39,France,48.841911,2.349853,Anouk Lemonnier,female,4/3/1978,060-85-6495 ,Discover,6.01181E+15,2031/12,225
68 Avenue Gambetta,Paris,Paris,75020,01 40 31 23 28,France,48.868894,2.402089,Camille Labbe,female,9/26/1986,514-54-6142 ,Diners Club,3.64925E+15,2029/9,967
97 Rue Didot,Paris,Paris,75014,01 40 44 09 09,France,48.828446,2.316362,Léon Martin-Clement,male,1/11/1973,496-29-5177 ,Mastercard,5.19252E+15,2031/3,717
13 Rue Henry Monnier,Paris,Paris,75009,01 48 78 23 66,France,48.879912,2.337191,Andrée-Chantal Bertrand,female,6/30/1996,636-05-6551 ,Diners Club,3.00662E+15,2027/1,941
33 Rue Saint-Roch,Paris,Paris,75001,01 42 61 40 83,France,48.865883,2.332508,Anouk Pires,female,4/18/1994,407-49-5541 ,Discover,6.01176E+15,2028/10,576
21 Avenue de l'Opera,Paris,Paris,75001,01 42 61 78 08,France,48.866427,2.333868,Anaïs-Mathilde Royer,female,3/2/1982,075-69-2675 ,JCB,3.58188E+15,2027/2,495
12 Rue Brantome,Paris,Paris,75003,01 42 78 84 18,France,48.862318,2.352175,Augustin Roussel-Coulon,male,12/28/1983,047-63-1614 ,EnRoute,2.14976E+15,2027/1,964
24 Rue Berthe,Paris,Paris,75018,01 42 54 76 36,France,48.885668,2.339864,Alex Le Le Goff,female,9/27/1993,557-68-5223 ,Diners Club,3.61108E+15,2031/2,338
58 Avenue Montaigne,Paris,Paris,75008,01 45 61 08 39,France,48.868202,2.309035,Alain Barre-Richard,male,6/19/1997,810-05-5090 ,Discover,6.01151E+15,2027/10,179
29 Rue Saint-Blaise,Paris,Paris,75020,01 40 09 19 79,France,48.859089,2.405662,Anne Marin-Lacroix,female,7/4/1991,132-02-0065 ,Unionpay,6.2234E+15,2028/4,638
23 Rue Gabrielle,Paris,Paris,75018,01 46 06 01 60,France,48.885692,2.34057,Hugues Mathieu,male,8/29/1982,684-49-0929 ,Visa,4.92979E+15,2028/8,922
54 Rue Monge,Paris,Paris,75005,01 43 26 45 24,France,48.844735,2.352157,Édouard Ribeiro,male,11/14/1991,809-14-0312 ,Diners Club,3.02977E+15,2031/11,45
61 Rue Servan,Paris,Paris,75011,0 825 00 62 62,France,48.863145,2.381516,Thibaut Pierre,male,10/25/1983,052-26-0156 ,Voyager,8.69989E+15,2027/8,995
9 Rue de Poitou,Paris,Paris,75003,01 42 71 23 45,France,48.861364,2.36381,Thibault Joubert,male,11/8/1977,453-37-6349 ,Unionpay,6.24819E+15,2029/10,377
9 Avenue Hoche,Paris,Paris,75008,01 53 53 93 93,France,48.877226,2.30379,Aimé Remy,male,1/22/2000,655-10-4264 ,Visa,4.91605E+15,2029/3,369
3 Rue Garanciere,Paris,Paris,75006,01 46 33 99 00,France,48.850944,2.335764,Eugène Bousquet,male,3/10/1982,287-49-5276 ,Diners Club,3.02144E+15,2031/10,228
13 Rue des Barres,Paris,Paris,75004,01 48 87 32 02,France,48.855509,2.354615,Renée Gaillard,female,8/9/1979,019-33-9139 ,Mastercard,5.19737E+15,2028/3,957
3 Avenue de la Porte d'Auteuil,Paris,Paris,75016,01 40 72 16 16,France,48.846408,2.252789,Jean de Peron,male,7/24/1980,626-27-2763 ,Discover,6.0113E+15,2031/2,553
32 Rue Muller,Paris,Paris,75018,01 46 06 18 24,France,48.886525,2.345215,Victor Dos Santos,male,9/11/1993,424-71-4051 ,JCB,3.58429E+15,2030/5,134
39 Rue Daubenton,Paris,Paris,75005,01 44 08 87 00,France,48.83994,2.35053,Noël Rolland,male,9/19/1991,011-99-0246 ,Diners Club,3.00002E+15,2031/1,424
4 Rue Croix des Petits Champs,Paris,Paris,75001,01 42 60 34 86,France,48.862453,2.339412,Raymond Guerin,male,7/1/1999,384-02-5302 ,Voyager,8.69937E+15,2031/8,267
11 Place Denfert-Rochereau,Paris,Paris,75014,01 43 27 08 22,France,48.833482,2.332222,Alex Duhamel,female,12/2/1998,539-75-8875 ,Mastercard,5.32231E+15,2031/3,845
2 Rue Louis Boilly,Paris,Paris,75016,01 44 96 50 33,France,48.859292,2.266979,Rémy Roger,male,10/23/1970,052-17-1523 ,Visa,4.71644E+15,2031/10,54
33-35 Rue de Caumartin,Paris,Paris,75009,01 42 66 60 38,France,48.872144,2.328118,Thomas Blanchard,male,7/26/1987,638-29-9674 ,EnRoute,2.01408E+15,2027/5,720
1 Route du Pesage,Paris,Paris,75012,01 43 65 57 94,France,48.819961,2.444687,Adrienne Begue-Lebrun,female,9/29/1983,892-61-7240 ,Diners Club,3.84424E+15,2028/5,433
13 Rue Louis Bonnet,Paris,Paris,75011,,France,48.870934,2.376512,Hortense Salmon,female,2/6/1994,854-32-7120 ,EnRoute,2.14937E+15,2030/12,37
56 Boulevard Edgar Quinet,Paris,Paris,75014,01 43 20 64 84,France,48.841227,2.324736,Sophie Dufour-Monnier,female,10/8/1995,618-46-8551 ,Visa,4.92997E+15,2027/2,813
16 Rue Notre-Dame de Lorette,Paris,Paris,75009,01 42 85 41 86,France,48.877753,2.338303,Christelle Gros,female,10/28/1970,035-69-7423 ,Unionpay,6.26243E+15,2030/3,258
6 Rue Blainville,Paris,Paris,75005,01 43 54 62 74,France,48.844499,2.348602,Alexandria-Louise Daniel,female,7/27/1981,646-40-8101 ,Unionpay,6.23558E+15,2030/11,112
20 Rue Montorgueil,Paris,Paris,75001,01 45 08 52 97,France,48.863441,2.346409,Pauline Lesage,female,7/3/1977,663-13-7037 ,Discover,6.01156E+15,2030/7,928
348 Rue de Vaugirard,Paris,Paris,75015,0 826 82 66 28,France,48.836344,2.29432,Martine Martin,female,8/24/1971,704-01-1763 ,Mastercard,5.48391E+15,2030/1,402
4 Rue Chaligny,Paris,Paris,75012,01 43 43 02 84,France,48.845191,2.383575,Jérôme Delorme,male,3/28/1988,557-30-6516 ,Unionpay,6.20493E+15,2030/8,530
9 Rue de l'Ecole de Medecine,Paris,Paris,75006,01 43 29 39 00,France,48.850651,2.341666,Thibault Colas,male,3/19/1993,189-63-5434 ,JCB,3.53005E+15,2029/2,360
57 Boulevard Victor,Paris,Paris,75015,01 48 28 68 28,France,48.833347,2.287099,Patrick Navarro,male,4/17/1986,333-72-1584 ,Unionpay,6.20868E+15,2028/5,884
37 Rue Vieille du Temple,Paris,Paris,75004,01 42 74 31 65,France,48.857728,2.357656,Joseph Wagner-Hernandez,male,7/3/1974,132-98-6669 ,Visa,4.53937E+15,2031/10,207
4 Rue Jean Marie Jego,Paris,Paris,75013,01 53 80 31 33,France,48.828025,2.351632,Honoré Brunel,male,4/21/1994,786-84-7827 ,American Express,3.47629E+14,2031/2,887
76 Rue des Pyrenees,Paris,Paris,75020,01 53 27 81 59,France,48.853948,2.405855,Christophe Dufour,male,10/5/1984,412-65-5129 ,Mastercard,5.19667E+15,2028/9,933
Avenue de la Porte d'Italie,Paris,Paris,75013,01 45 85 99 14,France,48.816837,2.360481,Élisabeth Le Monnier,female,6/5/1981,271-25-8665 ,JCB,3.52045E+15,2029/6,568
36 Boulevard Henri IV,Paris,Paris,75004,01 42 78 70 28,France,48.852159,2.366296,Grégoire Le Giraud,male,5/3/1992,181-10-1782 ,Visa,4.71665E+15,2031/5,937
52 Rue de Miromesnil,Paris,Paris,75008,01 45 44 14 69,France,48.874923,2.315865,Zacharie Maillet,male,11/1/1972,018-81-8228 ,Voyager,8.69907E+15,2030/10,371
66 Rue du Faubourg Poissonniere,Paris,Paris,75010,01 47 70 28 71,France,48.875777,2.348348,Bernard Maillot,male,4/22/1990,771-57-5457 ,JCB,3.54339E+15,2028/8,263
7 Rue Froissart,Paris,Paris,75003,01 42 77 38 47,France,48.861504,2.366072,Eugène Dupuis,male,8/30/1989,721-08-0611 ,Discover,6.01137E+15,2030/2,462
94 Rue Daguerre,Paris,Paris,75014,01 43 22 43 54,France,48.83606,2.324201,Laetitia Aubry,female,9/12/1987,201-83-9524 ,Unionpay,6.2697E+15,2031/2,289
111 Rue de Charenton,Paris,Paris,75012,01 43 44 12 20,France,48.846732,2.378665,Thierry Duhamel,male,12/16/1999,696-16-1352 ,Diners Club,3.03088E+15,2028/5,262
00118 Rue La Boetie,Paris,Paris,75008,01 43 59 15 04,France,48.871462,2.307266,Bernard Bazin,male,7/7/1993,491-33-2368 ,Voyager,8.6995E+15,2028/9,243
78 Rue de Levis,Paris,Paris,75017,01 43 80 40 36,France,48.884491,2.312434,Aurélie Barre,female,3/21/1984,852-06-4853 ,Visa,4.53972E+15,2029/10,281
7 Rue Campagne Premiere,Paris,Paris,75014,,France,48.840028,2.333119,Adrien-Thierry Gautier,male,11/17/1970,870-80-3503 ,American Express,3.75792E+14,2028/5,308
16 Avenue Rachel,Paris,Paris,75018,01 44 70 45 50,France,48.88506,2.331038,Sylvie du Roux,female,1/8/1994,181-23-5763 ,Mastercard,5.43794E+15,2030/6,55
51 Boulevard Saint-Marcel,Paris,Paris,75005,01 43 37 81 25,France,48.837768,2.355432,Lucie Delahaye,female,12/29/1993,173-44-2948 ,EnRoute,2.01499E+15,2030/5,795
5 Avenue de Grenelle,Paris,Paris,75015,01 45 78 71 73,France,48.8542,2.289395,Antoine Pruvost,male,9/2/1991,035-41-6137 ,Unionpay,6.27056E+15,2028/4,741
61 Rue de Rivoli,Paris,Paris,75001,01 42 36 35 12,France,48.85924,2.345615,Richard-Nicolas Duhamel,male,11/13/1972,889-47-0621 ,American Express,3.41023E+14,2031/6,413
68 Rue Sedaine,Paris,Paris,75011,01 43 57 70 50,France,48.858157,2.377696,Lucas Fleury,male,9/18/1984,770-78-8692 ,Voyager,8.69981E+15,2031/2,899
Impasse des Fillettes,Paris,Paris,75018,01 40 05 62 00,France,48.899973,2.365283,Suzanne Guyon,female,11/15/1992,499-05-0080 ,Diners Club,3.02898E+15,2027/4,402
19 Rue Richard Lenoir,Paris,Paris,75011,01 43 71 94 94,France,48.855297,2.381772,Chantal Levy-Pinto,female,9/22/1974,192-69-2860 ,Voyager,8.69934E+15,2030/11,269
14 Rue Ferrus,Paris,Paris,75014,01 53 63 61 20,France,48.858648,2.329403,Marcelle Lemoine-Charpentier,female,5/3/1997,303-53-9665 ,Visa,4.48504E+15,2029/4,498
68 Rue du Commerce,Paris,Paris,75015,01 48 28 49 36,France,48.845614,2.294523,Claude-Charles Perrot,male,11/27/1978,634-62-6342 ,Voyager,8.6994E+15,2028/5,270
52 Boulevard de Vaugirard,Paris,Paris,75015,01 43 20 83 72,France,48.840856,2.315456,Nath de la Gimenez,female,9/30/1984,403-84-3390 ,American Express,3.74014E+14,2029/6,736
116 Rue de la Roquette,Paris,Paris,75011,01 43 79 87 19,France,48.856956,2.378665,Anastasie Pons,female,11/6/1981,263-23-1810 ,JCB,3.57777E+15,2028/6,346
24 Rue Linne,Paris,Paris,75005,01 45 87 28 83,France,48.845456,2.354764,Suzanne Lemaire,female,7/7/1979,462-39-1036 ,American Express,3.74747E+14,2030/7,100
76 Rue Damremont,Paris,Paris,75018,01 46 06 06 06,France,48.891607,2.335104,Honoré Tessier,male,5/26/1980,603-26-7121 ,Mastercard,5.30502E+15,2027/12,147
34 Place du Marche Saint-Honore,Paris,Paris,75001,09 53 49 82 53,France,48.867013,2.33234,Matthieu Briand,male,9/9/1990,120-62-8867 ,JCB,3.50308E+15,2028/5,601
12 Rue de la Victoire,Paris,Paris,75009,01 40 16 10 22,France,48.87509,2.33974,Dominique Boulanger-Perrier,female,12/3/1998,504-69-0752 ,EnRoute,2.14907E+15,2028/11,774
56 Avenue de Choisy,Paris,Paris,75013,01 53 61 18 58,France,48.823037,2.362526,Océane-Danielle Marchand,female,11/8/1986,558-98-4247 ,Mastercard,5.20192E+15,2029/6,239
168 Avenue de Versailles,Paris,Paris,75016,01 53 92 06 13,France,48.839909,2.263203,Robert Lamy,male,5/23/1976,652-68-0822 ,EnRoute,2.14932E+15,2030/6,866
61 Rue des Petits Champs,Paris,Paris,75001,01 42 60 20 20,France,48.86731,2.334267,Nicolas Bonnin,male,11/15/1990,365-04-4059 ,JCB,3.56968E+15,2029/7,446
12 Rue Rottembourg,Paris,Paris,75012,01 43 07 75 37,France,48.837935,2.404974,Frédéric Besson,male,6/14/1994,158-15-2485 ,Mastercard,5.52938E+15,2029/5,366
21 Rue de Turbigo,Paris,Paris,75002,01 40 28 94 16,France,48.864166,2.349946,Olivier Martin,male,10/17/1984,712-33-7911 ,Mastercard,5.16912E+15,2031/10,505
80 Rue du Faubourg Poissonniere,Paris,Paris,75010,01 42 46 02 44,France,48.876639,2.348816,Jules Barre,male,12/4/1989,014-58-4039 ,EnRoute,2.01456E+15,2028/6,750
126 Rue de Bagnolet,Paris,Paris,75020,,France,48.860565,2.40519,François Seguin,male,4/23/1983,660-16-3751 ,Discover,6.01189E+15,2029/1,667
104 Boulevard Haussmann,Paris,Paris,75008,01 45 22 60 54,France,48.874478,2.32188,Sophie Chartier,female,8/18/1976,583-15-5528 ,Mastercard,5.38035E+15,2027/12,967
1 Rue des Ecoles,Paris,Paris,75005,01 43 26 83 64,France,48.847457,2.352601,Isabelle Antoine,female,4/12/1979,769-63-7019 ,Voyager,8.69917E+15,2028/6,45
3 Impasse Bonne Nouvelle,Paris,Paris,75010,01 45 23 34 47,France,48.870599,2.35048,Isaac Dumas,male,5/4/1985,196-05-8969 ,Unionpay,6.24647E+15,2027/4,373
6 Rue Geoffroy l'Angevin,Paris,Paris,75004,01 40 27 93 67,France,48.86062,2.354439,Thierry Lopez,male,12/23/1976,534-18-2392 ,Voyager,8.69946E+15,2031/1,812
71 Rue de Dunkerque,Paris,Paris,75009,01 45 26 30 72,France,48.881696,2.347469,Thibaut Faure-Roussel,male,12/1/1985,563-05-0234 ,JCB,3.5681E+15,2031/1,706
36 Avenue Opera,Paris,Paris,75002,01 47 42 38 72,France,48.868803,2.333112,Éric Leleu,male,3/12/1977,289-75-5991 ,Visa,4.02401E+15,2029/10,623
14 Rue des Recollets,Paris,Paris,75010,,France,48.875069,2.361836,Guillaume Riviere,male,6/19/1971,230-12-5047 ,Mastercard,5.45609E+15,2027/8,112
16 Rue des Lombards,Paris,Paris,75004,01 42 71 36 83,France,48.859256,2.349532,Jeannine de la Le Roux,female,1/28/2000,114-08-7036 ,JCB,3.52848E+15,2029/9,964
80 Boulevard de Rochechouart,Paris,Paris,75018,01 44 92 78 00,France,48.882923,2.343062,Louis Marie,male,12/14/1984,284-96-5232 ,American Express,3.45147E+14,2029/2,671
99 Rue des Dames,Paris,Paris,75017,01 42 93 11 30,France,48.883001,2.318372,Aimé Leleu,male,2/12/1992,299-32-7448 ,Visa,4.5395E+15,2031/9,916
35 Rue Brunel,Paris,Paris,75017,01 58 05 20 50,France,48879170,2287370,Emmanuel-Thomas Chretien,male,10/30/1978,515-59-4638 ,Voyager,8.69994E+15,2029/5,386
30 Rue des Ardennes,Paris,Paris,75019,06 32 18 08 38,France,48.890174,2.385148,Capucine-Dorothée Didier,female,7/7/1987,058-53-5822 ,Visa,4.48534E+15,2028/9,193
8 Rue de Sofia,Paris,Paris,75018,0 810 32 10 00,France,48.884808,2.348421,Joseph Lamy,male,3/2/1977,668-92-7185 ,JCB,3.5674E+15,2030/7,328
75 Boulevard Diderot,Paris,Paris,75012,01 44 64 23 22,France,48.847504,2.386531,Aurore du Dubois,female,12/17/1970,216-09-3854 ,Mastercard,5.21994E+15,2029/11,658
3 Rue de Castiglione,Paris,Paris,75001,01 43 16 10 10,France,48.865721,2.327486,Nathalie Guibert,female,6/4/1988,269-66-5924 ,Visa,4.91616E+15,2028/9,638
3 Rue de l'Ecole de Medecine,Paris,Paris,75006,01 43 26 88 90,France,48.850492,2.342218,André Le Daniel,male,12/16/1996,697-55-9874 ,American Express,3.48353E+14,2028/5,432
92 Rue Montorgueil,Paris,Paris,75002,01 42 36 36 25,France,48.865914,2.347195,Suzanne Delattre,female,4/7/1975,145-83-6197 ,Diners Club,3.02448E+15,2030/4,765
"44, rue de la Folie Mericourt",Paris,Paris,75011,01 41 08 80 08,France,48.863634,2.37236,Hortense Garcia,female,8/24/1975,847-15-0966 ,Visa,4.0659E+15,2027/5,892
70 Rue de Ponthieu,Paris,Paris,75008,01 53 75 48 65,France,48.872354,2.304616,Élise Hernandez,female,1/9/1972,356-26-4136 ,Mastercard,5.16353E+15,2028/2,970
27 Rue Raymond Losserand,Paris,Paris,75014,01 73 70 35 68,France,48.835699,2.321534,Joséphine Lemonnier,female,7/4/1999,247-25-1700 ,JCB,3.56729E+15,2028/7,261
24 Rue d'Amsterdam,Paris,Paris,75009,01 42 85 28 50,France,48.876826,2.326966,Chantal Ledoux,female,9/4/1990,504-23-7406 ,Discover,6.01188E+15,2029/8,445
15 Rue Saint-Antoine,Paris,Paris,75004,01 57 40 72 08,France,48.853399,2.366664,Marc Colas,male,8/24/1982,114-57-1068 ,American Express,3.76941E+14,2028/1,260
46 Rue Balard,Paris,Paris,75015,01 45 57 78 13,France,48.841847,2.277454,Robert Pons,male,1/23/1996,768-14-1129 ,American Express,3.72581E+14,2028/8,341
9 Boulevard de Picpus,Paris,Paris,75012,06 23 95 41 60,France,48.840792,2.400375,Maggie Laurent,female,11/1/1975,144-53-8910 ,Unionpay,6.29766E+15,2027/7,4
68 Avenue de Saint-Ouen,Paris,Paris,75018,01 46 27 58 63,France,48.891564,2.32711,Emmanuel Maurice,male,4/30/1995,898-49-2474 ,JCB,3.56607E+15,2030/11,969
46 Rue de Provence,Paris,Paris,75009,01 53 20 97 68,France,48.874262,2.335822,Roger Lelievre,male,9/19/1999,504-28-1117 ,Discover,6.0112E+15,2028/2,184
30 Rue Yvonne le Tac,Paris,Paris,75018,01 46 06 84 30,France,48.884363,2.338983,Alice Michaud,female,2/24/1993,828-75-9389 ,Unionpay,6.20607E+15,2030/2,22
101 Avenue de Choisy,Paris,Paris,75013,01 45 85 88 88,France,48.824902,2.360765,Gabrielle Diallo,female,10/21/1981,650-98-5506 ,Discover,6.01195E+15,2028/11,934
5-7 Rue Therese,Paris,Paris,75001,01 42 96 10 01,France,48.865881,2.336061,Louis Lacroix,male,7/13/1990,284-15-4988 ,JCB,3.58237E+15,2028/2,538
34 Rue Cler,Paris,Paris,75007,01 45 51 23 41,France,48.856859,2.306259,Théodore Parent,male,6/16/1996,121-95-9378 ,Voyager,8.6993E+15,2029/3,731
151 Boulevard Saint-Germain,Paris,Paris,75006,01 45 48 53 91,France,48.853797,2.332445,Théophile Leroux-Maillot,male,11/13/1978,096-06-6769 ,Voyager,8.69935E+15,2028/3,70
22 Avenue de l'Opera,Paris,Paris,75001,01 44 55 34 90,France,48.866324,2.334352,Aurore Gaudin-Lelievre,female,1/25/1988,296-17-7933 ,JCB,3.5898E+15,2027/1,751
3 Rue d'Argout,Paris,Paris,75002,01 40 28 18 38,France,48.865604,2.342849,Laetitia Lelievre,female,2/4/1984,715-61-5193 ,Mastercard,5.37136E+15,2028/2,400
5 Rue Ordener,Paris,Paris,75018,,France,48.890191,2.359003,Jeannine-Christelle Lecomte,female,1/12/1982,503-44-4428 ,Diners Club,3.01043E+15,2029/9,689
37 Rue de Cotte,Paris,Paris,75012,01 43 40 82 63,France,48.850555,2.378368,Adrien Alexandre-Thibault,male,9/21/1971,508-66-3438 ,Voyager,8.69956E+15,2030/7,670
57 Rue Cuvier,Paris,Paris,75005,01 40 79 37 94,France,48.844651,2.361115,Émile Marchal,male,8/27/1984,426-10-4389 ,Mastercard,5.31911E+15,2030/2,472
42 Rue Jean-Pierre Timbaud,Paris,Paris,75011,01 43 55 09 49,France,48.86621,2.371943,Georges Lacombe,male,12/19/1991,104-36-9718 ,Discover,6.01105E+15,2027/9,450
47 Rue Custine,Paris,Paris,75018,01 53 09 92 00,France,48.889352,2.344192,Stéphane Lacombe,male,6/1/1999,850-91-9816 ,Voyager,8.69973E+15,2031/7,461
140 Avenue Jean Jaures,Paris,Paris,75019,01 42 01 61 68,France,48.886817,2.386214,Hortense Lacombe,female,11/2/1987,240-40-4296 ,Visa,4.48584E+15,2027/6,421
28 Rue de la Gaite,Paris,Paris,75014,01 43 27 09 83,France,48.839238,2.323046,Gabrielle Dufour-Leroy,female,4/14/1982,315-33-0798 ,Voyager,8.6991E+15,2029/5,814
10 Bis Avenue de la Grande Armee,Paris,Paris,75017,01 43 80 48 40,France,48.875047,2.292224,Christiane Fouquet,female,6/6/1990,096-53-6204 ,Mastercard,5.56583E+15,2030/8,124
35 Rue de la Roquette,Paris,Paris,75011,01 49 29 00 50,France,48.855087,2.3732,Stéphane Boulay,male,6/21/1991,286-50-0599 ,Voyager,8.69932E+15,2030/8,94
50 Rue Aboukir,Paris,Paris,75002,01 42 61 89 90,France,48.867415,2.346561,Pénélope Jacob,female,4/19/1986,594-36-0607 ,American Express,3.73296E+14,2030/2,287
14 Rue Bergere,Paris,Paris,75009,01 58 97 70 00,France,48.872294,2.346136,Isaac de Martinez,male,9/21/1984,822-46-8621 ,American Express,3.70425E+14,2027/4,662
32 Rue Victor Masse,Paris,Paris,75009,01 48 74 37 53,France,48.881056,2.337142,Paulette-Amélie Francois,female,11/15/1988,272-92-0062 ,JCB,3.51705E+15,2030/9,86
23 Rue de la Huchette,Paris,Paris,75005,01 43 26 38 99,France,48.853037,2.345343,Yves-Georges Caron,male,12/10/1991,830-20-2272 ,Discover,6.01158E+15,2030/8,405
9 Rue de Navarre,Paris,Paris,75005,01 43 36 21 83,France,48.844313,2.353316,Suzanne Colas,female,6/27/1991,718-54-1982 ,Voyager,8.69901E+15,2029/5,839
31 Rue des Batignolles,Paris,Paris,75017,01 43 87 88 41,France,48.885015,2.320874,Alfred-Xavier Techer,male,4/4/1977,042-48-1807 ,Unionpay,6.21493E+15,2030/8,269
127 Rue du Theatre,Paris,Paris,75015,01 45 33 51 10,France,48.845744,2.296592,Victoire Poulain,female,5/10/1981,800-14-9899 ,EnRoute,2.01486E+15,2030/7,942
14 Avenue de Villars,Paris,Paris,75007,01 45 51 33 33,France,48.851791,2.313536,Gérard Ramos,male,9/24/1976,484-01-3886 ,Discover,6.01174E+15,2029/1,675
10 Rue du Pre aux Clercs,Paris,Paris,75007,,France,48.856061,2.330103,Marianne Gregoire,female,3/7/1971,802-60-6443 ,Discover,6.01136E+15,2027/12,807
19 Rue Keller,Paris,Paris,75011,01 47 00 53 62,France,48.854874,2.375608,Marc Leduc,male,8/30/1974,588-19-4709 ,Diners Club,3.02884E+15,2029/2,883
16 Rue Norvins,Paris,Paris,75018,01 42 52 50 37,France,48.887016,2.340267,Alix-Marthe Blondel,female,3/27/1987,596-73-8022 ,Discover,6.01152E+15,2027/2,477
Rue de Tolbiac,Paris,Paris,75013,01 45 83 93 07,France,48.829146,2.374398,Jules de la Hubert,male,6/10/1973,887-76-2962 ,Diners Club,3.03001E+15,2027/1,241
65 Rue de Saintonge,Paris,Paris,75003,01 44 78 96 92,France,48.864529,2.365598,Sophie de Benard,female,6/2/1970,471-66-3454 ,Visa,4.7169E+15,2030/10,955
55 bis Boulevard du Montparnasse,Paris,Paris,75006,01 42 84 80 40,France,48.842033,2.325618,Denis Levy-Pruvost,male,8/20/1970,830-04-4776 ,Voyager,8.69918E+15,2029/4,269
14 Rue Montmartre,Paris,Paris,75001,01 40 26 83 94,France,48.863876,2.345721,William Ferrand,male,5/17/1976,243-91-9784 ,Diners Club,3.01178E+15,2030/9,396
129 Rue du Faubourg Saint-Antoine,Paris,Paris,75011,01 43 07 24 80,France,48.851044,2.37753,Antoinette Parent,female,6/1/1973,240-01-8727 ,Unionpay,6.29115E+15,2030/10,263
51 Quai des Grands Augustins,Paris,Paris,75006,01 43 26 68 04,France,48.85512,2.34159,Marcelle Moulin,female,10/31/1991,035-46-5888 ,Discover,6.01146E+15,2031/5,156
11 Rue Chomel,Paris,Paris,75007,01 45 49 04 54,France,48.852047,2.325537,Lucy Simon,female,3/14/1982,180-23-7352 ,JCB,3.5019E+15,2028/3,925
142 Avenue des Champs-Elysees,Paris,Paris,75008,01 44 13 86 26,France,48.872887,2.298852,Luc Toussaint,male,5/21/1976,178-17-8557 ,Diners Club,3.63035E+15,2029/4,826
98 Rue Lecourbe,Paris,Paris,75015,01 53 69 12 30,France,48.843132,2.303998,Henri Moreno,male,8/28/1998,151-43-8337 ,EnRoute,2.01444E+15,2029/9,80
30 Place de la Madeleine,Paris,Paris,75008,01 70 39 38 00,France,48.870478,2.325714,Arthur Berger,male,5/28/1986,139-51-7692 ,Unionpay,6.22129E+15,2027/3,644
35 Boulevard Diderot,Paris,Paris,75012,01 46 28 71 01,France,48.846863,2.381314,Andrée Guibert,female,7/26/1988,167-50-1191 ,Discover,6.01128E+15,2030/4,852
11 Boulevard de Sebastopol,Paris,Paris,75001,01 55 34 99 39,France,48.859016,2.348261,Léon Guillot,male,7/11/1998,085-55-0047 ,Diners Club,3.00238E+15,2029/7,270
1 Rue Laplace,Paris,Paris,75005,01 43 25 86 18,France,48.847067,2.347721,Roland Morvan,male,12/16/1980,481-23-7180 ,EnRoute,2.01411E+15,2030/1,587
62 Rue du Faubourg Montmartre,Paris,Paris,75009,01 42 80 39 92,France,48.876179,2.340098,Henri Leduc,male,5/13/1973,520-80-6971 ,Mastercard,5.38199E+15,2029/4,429
16 Rue Montmartre,Paris,Paris,75001,01 42 36 36 75,France,48.863926,2.34569,Laurence-Bernadette Lucas,female,5/7/1982,577-79-1567 ,EnRoute,2.14933E+15,2028/4,920
25 Boulevard des Italiens,Paris,Paris,75002,01 42 65 42 25,France,48.871066,2.335693,Agathe Giraud,female,11/7/1978,802-78-2542 ,Unionpay,6.21549E+15,2027/6,412
14 Rue des Sablons,Paris,Paris,75116,01 47 27 65 16,France,48.866733,2.283348,Odette Etienne-Toussaint,female,2/19/1986,707-70-5432 ,JCB,3.54509E+15,2028/2,450
7 Rue de la Tremoille,Paris,Paris,75008,,France,48.866944,2.302589,Patrick Dupuy,male,6/21/1993,844-53-2760 ,Mastercard,5.1768E+15,2027/7,231
65 Rue Saint-Andre des Arts,Paris,Paris,75006,01 46 34 41 80,France,48.853545,2.338778,Dominique Le Duhamel,female,1/10/1997,632-99-2764 ,Discover,6.01142E+15,2027/12,812
143 Avenue de Malakoff,Paris,Paris,75116,01 53 64 52 52,France,48.875582,2.283694,Adrien Jacques,male,5/14/1972,076-17-0869 ,JCB,3.55676E+15,2029/4,987
11-13 Rue Lobineau,Paris,Paris,75006,01 43 25 02 25,France,48.85165,2.335755,Monique Pottier,female,7/17/1972,042-67-5379 ,Unionpay,6.22144E+15,2030/10,641
4 Rue Nicolo,Paris,Paris,75016,01 46 47 09 26,France,48.858273,2.280836,Antoine Dufour-Labbe,male,4/4/1972,540-07-8335 ,Diners Club,3.03308E+15,2027/8,845
11 Rue d'Aubervilliers,Paris,Paris,75019,01 46 07 44 89,France,48.885245,2.365348,Louis Gomes,male,1/22/1981,395-11-3637 ,American Express,3.43356E+14,2030/3,641
160-162 Avenue de France,Paris,Paris,75013,01 55 75 08 00,France,48.833203,2.374508,Valentine du Bigot,female,11/19/1993,634-16-5281 ,Unionpay,6.27848E+15,2028/2,65
13 Rue Artois,Paris,Paris,75008,01 45 61 16 60,France,48.872986,2.307478,Cécile-Élodie Pereira,female,6/27/1983,474-15-1640 ,JCB,3.51039E+15,2029/12,463
14 Rue Jean-Jacques Rousseau,Paris,Paris,75001,01 42 33 55 10,France,48.862415,2.340597,Maryse Leroux,female,4/20/1983,621-05-3991 ,Unionpay,6.20707E+15,2030/4,266
Place de la Concorde,Paris,Paris,75008,,France,48.864945,2.320743,Thérèse Girard,female,6/26/1981,871-85-5224 ,Mastercard,5.20493E+15,2029/11,870
79 Rue de Varenne,Paris,Paris,75007,01 44 18 61 10,France,48.855311,2.315897,Lucas Lecoq,male,8/3/1990,273-85-6562 ,Mastercard,5.48426E+15,2030/1,300
60 Rue Haxo,Paris,Paris,75020,01 40 30 03 73,France,48.87267,2.404029,Gérard-Julien Sauvage,male,1/17/1994,100-52-6754 ,EnRoute,2.14932E+15,2031/3,299
8 Avenue Victoria,Paris,Paris,75004,01 42 74 62 85,France,48.857331,2.34968,Suzanne Mercier,female,3/17/1971,824-75-8950 ,Unionpay,6.29322E+15,2029/8,382
188 Rue du Faubourg Saint-Martin,Paris,Paris,75010,01 46 07 01 88,France,48.878663,2.362354,Noël Faivre,male,7/13/1997,405-10-4918 ,Unionpay,6.21804E+15,2029/9,963
49 Rue du Faubourg Saint-Denis,Paris,Paris,75010,01 48 01 08 46,France,48.87177,2.353593,Luc-André Lacombe,male,8/31/1970,876-25-2647 ,Visa,4.7168E+15,2029/5,221
1 Bis Rue Bleue,Paris,Paris,75009,01 48 01 67 64,France,48.875723,2.347834,Monique-Alex Ledoux,female,5/28/1991,328-82-3562 ,EnRoute,2.01437E+15,2027/2,2
92 Avenue de Wagram,Paris,Paris,75017,01 44 40 70 97,France,48.883057,2.302133,Maurice Laine,male,9/9/1971,241-49-6762 ,Voyager,8.69971E+15,2030/4,520
26 Place Vendome,Paris,Paris,75001,01 42 61 58 16,France,48.868023,2.330192,Danielle Laroche,female,10/31/1972,140-07-2325 ,Mastercard,5.59604E+15,2029/3,206
85 Rue Mouffetard,Paris,Paris,75005,01 45 87 15 40,France,48.841906,2.349779,Zoé-Madeleine Ribeiro,female,7/6/1996,250-30-7976 ,Voyager,8.69965E+15,2027/2,834
28 Rue des Blancs Manteaux,Paris,Paris,75004,01 42 74 40 15,France,48.859488,2.355869,Grégoire Loiseau,male,3/15/1982,767-35-3314 ,Diners Club,3.01082E+15,2031/1,197
32 Rue des Archives,Paris,Paris,75004,01 44 54 39 60,France,48.858512,2.355386,Suzanne Lopes,female,12/19/1995,464-03-3448 ,Discover,6.01175E+15,2030/5,84
15 Rue de Berri,Paris,Paris,75008,01 44 94 91 70,France,48.873188,2.305268,Pierre Traore,male,1/20/1971,312-86-6166 ,Mastercard,5.13538E+15,2028/4,373
13 Rue Mandar,Paris,Paris,75002,01 53 00 98 98,France,48.865753,2.344952,Aurore Jacob,female,11/16/1973,414-96-3818 ,Diners Club,3.02838E+15,2028/12,717
25 Rue Frederic Sauton,Paris,Paris,75005,01 43 29 40 54,France,48.85052,2.34902,Valentine Colas,female,6/21/1983,733-76-3019 ,EnRoute,2.0148E+15,2031/4,827
235 Rue Marcadet,Paris,Paris,75018,01 42 29 39 39,France,48.892397,2.330318,Isabelle Ramos,female,1/25/1999,265-94-5878 ,Visa,4.71636E+15,2031/1,226
33 Rue Philippe de Girard,Paris,Paris,75010,06 49 73 21 32,France,48.883928,2.361464,Thérèse du Robert,female,10/4/1989,415-05-0286 ,Voyager,8.69985E+15,2030/4,959
68 Rue Saint-Antoine,Paris,Paris,75004,01 42 74 09 31,France,48.854621,2.363185,Susan Gerard,female,12/11/1989,180-77-2150 ,Mastercard,5.32674E+15,2031/9,994
16 Rue de Constantinople,Paris,Paris,75008,01 45 22 21 64,France,48.880259,2.319743,Benoît Bazin,male,10/29/1985,575-19-7556 ,JCB,3.57154E+15,2031/11,195
48 Rue du Poteau,Paris,Paris,75018,01 53 41 60 56,France,48.894762,2.340997,Éric Le Cordier,male,6/26/1974,726-41-2361 ,EnRoute,2.0148E+15,2031/3,58
121 Boulevard du Montparnasse,Paris,Paris,75006,01 43 20 19 19,France,48.841897,2.330483,Luc de Rousset,male,10/16/1974,101-46-6842 ,American Express,3.79358E+14,2027/2,420
92 Avenue Ledru Rollin,Paris,Paris,75011,01 48 06 51 92,France,48.851575,2.376433,Philippine Renaud,female,2/5/1978,253-33-8392 ,Visa,4.9162E+15,2031/7,151
53 Rue de Montreuil,Paris,Paris,75011,,France,48.850498,2.388947,Richard Breton,male,8/11/1988,341-29-3488 ,Visa,4.71673E+15,2031/7,401
11 Rue Treilhard,Paris,Paris,75008,01 45 63 40 47,France,48.876971,2.3141,Élisabeth de Normand,female,9/30/1979,785-65-2722 ,Voyager,8.69989E+15,2027/5,371
17 Rue de Bagnolet,Paris,Paris,75020,01 43 71 18 67,France,48.856794,2.39586,Adrien Garnier,male,7/7/1982,628-61-0150 ,Diners Club,3.01667E+15,2030/2,129
35 Rue de Trevise,Paris,Paris,75009,06 95 88 87 21,France,48.874906,2.345311,Isaac Le Raynaud,male,3/27/1999,637-75-3634 ,American Express,3.73721E+14,2028/12,533
225 Rue de la Convention,Paris,Paris,75015,01 48 28 99 02,France,48.835865,2.300815,Édouard Thomas,male,7/8/1991,428-81-8189 ,Mastercard,5.20661E+15,2028/7,19
28 Rue Montorgueil,Paris,Paris,75001,01 42 33 36 19,France,48.86371,2.346492,Adrienne De Oliveira,female,7/22/1986,061-14-2873 ,Unionpay,6.24501E+15,2028/7,586
19 Rue Hegesippe Moreau,Paris,Paris,75018,01 53 42 50 00,France,48887638,2327765,Maggie Buisson,female,5/24/1976,182-89-8488 ,Visa,4.55663E+15,2031/3,117
84 Avenue de Suffren,Paris,Paris,75015,01 45 66 97 86,France,48.85109,2.300597,Inès de la Vaillant,female,12/16/1997,836-78-7540 ,Diners Club,3.00213E+15,2031/7,542
46 Rue Saint Honore,Paris,Paris,75001,01 40 28 15 64,France,48.86119,2.344287,Dominique Lejeune-Schneider,male,3/15/1988,851-52-3990 ,Mastercard,5.35638E+15,2029/9,211
20 Rue Leon,Paris,Paris,75018,01 42 52 84 94,France,48.88785,2.353634,Aimé Normand,male,12/29/1972,889-54-6470 ,Visa,4.92971E+15,2031/1,604
58 Rue la Bruyere,Paris,Paris,75009,01 48 74 39 25,France,48.88004,2.331544,Victor Roche,male,12/17/1982,579-56-6388 ,American Express,3.45794E+14,2027/4,304
25 Rue Charles V,Paris,Paris,75004,01 42 78 91 44,France,48.853634,2.36173,Martin Nguyen,male,10/25/2000,892-84-9909 ,Mastercard,5.13112E+15,2028/4,335
17 Quai de Grenelle,Paris,Paris,75015,01 53 95 39 53,France,48.853474,2.287504,Marcel Evrard,male,12/20/1985,313-76-1880 ,Visa,4.55665E+15,2030/3,155
133 Rue de l'Abbe Groult,Paris,Paris,75015,01 45 31 45 00,France,48.835943,2.302189,Laurence de David,female,11/4/1981,055-96-9402 ,American Express,3.71052E+14,2031/9,66
45 Rue des Saints-Peres,Paris,Paris,75006,01 43 25 66 23,France,48.853707,2.329929,Claire Couturier,female,11/5/1979,187-77-0060 ,EnRoute,2.0146E+15,2031/2,77
65 Rue de l'Amiral Mouchez,Paris,Paris,75013,01 45 88 73 73,France,48.821625,2.342386,Adélaïde Richard,female,4/18/1977,132-27-7894 ,Diners Club,3.02121E+15,2028/5,834
11 Rue Chaligny,Paris,Paris,75012,01 43 07 00 92,France,48.846018,2.383721,Alphonse Clement,male,2/13/1991,172-02-6769 ,Mastercard,5.49223E+15,2030/3,544
112 Rue Lauriston,Paris,Paris,75016,01 45 53 12 73,France,48.866004,2.285959,Olivier-Pierre Collet,male,4/15/1998,300-97-4679 ,Diners Club,3.02918E+15,2031/10,135
133 Avenue des Champs-Elysees,Paris,Paris,75008,01 44 43 77 64,France,48.872704,2.297025,Victor Fernandes,male,10/16/1971,844-65-2578 ,Discover,6.01192E+15,2028/6,141
165 Avenue de Versailles,Paris,Paris,75016,01 45 25 57 58,France,48.841199,2.26608,Roger de Chauveau,male,2/1/1972,296-40-3300 ,Diners Club,3.01928E+15,2031/4,233
24 Rue Geoffroy l'Angevin,Paris,Paris,75004,01 42 74 39 80,France,48.860879,2.353469,Anouk Perrin,female,5/11/1975,062-82-2750 ,JCB,3.52651E+15,2027/2,31
178 Avenue Jean Jaures,Paris,Paris,75019,01 42 38 23 69,France,48.887781,2.389828,Émile du Laporte,male,11/18/1971,293-78-7888 ,JCB,3.56392E+15,2029/6,443
54 Rue Cambronne,Paris,Paris,75015,01 43 06 19 73,France,48.844542,2.301892,Aimée Godard,female,8/19/1987,227-16-3060 ,Mastercard,5.31597E+15,2031/12,620
4 Rue Boissy d'Anglas,Paris,Paris,75008,01 44 71 15 15,France,48.867392,2.320889,Françoise Mendes,female,7/15/1983,093-59-4340 ,Unionpay,6.22621E+15,2031/7,614
61 Boulevard Macdonald,Paris,Paris,75019,01 40 05 70 90,France,48.897389,2.388079,Philippine Fernandes,female,9/17/1970,456-66-9251 ,EnRoute,2.1494E+15,2030/12,986
48 Avenue Victor Hugo,Paris,Paris,75116,01 45 00 99 55,France,48.871098,2.288682,Stéphane Delmas,male,12/28/1970,623-96-0264 ,Visa,4.55667E+15,2028/11,894
160 Rue Saint-Martin,Paris,Paris,75003,01 42 77 69 74,France,48.861951,2.351874,Antoinette Dubois,female,8/7/1976,560-27-9889 ,Visa,4.48529E+15,2031/7,693
43 Rue de Levis,Paris,Paris,75017,01 56 79 02 96,France,48.883039,2.314451,Hortense Francois,female,2/17/1977,293-14-4320 ,JCB,3.54008E+15,2027/10,560
32 Rue du Mont Thabor,Paris,Paris,75001,01 42 60 82 52,France,48.866351,2.326723,Adélaïde-Christine Gilbert,female,2/28/1973,282-35-9667 ,EnRoute,2.01464E+15,2027/1,604
38 Rue de Varenne,Paris,Paris,75007,01 45 48 79 64,France,48.85413,2.323462,Jacqueline Menard,female,6/3/1992,492-13-9291 ,Diners Club,3.80098E+15,2028/1,103
78 Avenue du Docteur Arnold Netter,Paris,Paris,75012,01 44 73 04 47,France,48.846251,2.40621,Maggie Pichon,female,11/22/2000,169-01-1572 ,Discover,6.01168E+15,2027/1,4
22 Rue Saint-Blaise,Paris,Paris,75020,01 43 72 78 84,France,48.859349,2.405184,Raymond Dufour-Royer,male,2/4/1977,208-16-9597 ,Voyager,8.69995E+15,2030/7,930
Quai des Tuileries,Paris,Paris,75007,01 53 58 75 07,France,48.863405,2.319586,Luc Boutin-Vincent,male,5/29/1983,128-57-5406 ,Unionpay,6.21169E+15,2030/1,386
108 Rue d'Alesia,Paris,Paris,75014,01 45 42 25 17,France,48.829414,2.322625,Constance Hamon,female,8/6/1985,535-69-5788 ,Visa,4.55601E+15,2028/9,709
51 Rue Rouelle,Paris,Paris,75015,01 45 79 57 72,France,48.849397,2.290184,Marguerite Pires,female,3/29/1977,304-71-5307 ,Visa,4.91648E+15,2027/5,252
3 Rue d'Edimbourg,Paris,Paris,75008,01 42 93 92 70,France,48.879387,2.321517,Lucas Dupuy,male,12/14/1987,808-96-7594 ,Voyager,8.69929E+15,2030/7,125
Rue des Cloys,Paris,Paris,75018,01 46 06 91 36,France,48.893015,2.337753,Jacques Andre-Weiss,male,7/25/1993,420-72-8491 ,Mastercard,5.43372E+15,2030/12,744
Grandes-Carrieres,Paris,Paris,75018,,France,48.897422,2.336506,Gilbert Gros,male,5/17/1986,693-28-3743 ,American Express,3.44678E+14,2031/2,186
165 Rue de Rome,Paris,Paris,75017,01 56 79 29 29,France,48.887169,2.314309,Roger-François Vasseur,male,1/9/1986,542-83-5043 ,EnRoute,2.01438E+15,2029/11,844
7 Passage Saint-Paul,Paris,Paris,75004,01 42 72 30 32,France,48.854468,2.361451,Luc Weber,male,8/13/1983,879-84-4734 ,Diners Club,3.03926E+15,2029/1,995
39 Boulevard de Clichy,Paris,Paris,75009,01 48 74 80 80,France,48.882862,2.334976,Raymond Camus,male,11/23/1995,885-41-1814 ,Voyager,8.69992E+15,2028/8,510
146 Rue de Rivoli,Paris,Paris,75001,09 75 42 87 32,France,48.860463,2.342293,Denise Roche,female,5/2/1975,249-95-7121 ,Visa,4.53281E+15,2027/7,873
108 Avenue Gambetta,Paris,Paris,75020,01 43 61 96 75,France,48.871473,2.404348,Raymond Durand,male,3/9/1970,197-21-1767 ,Visa,4.02401E+15,2030/4,697
77 Quai de la Seine,Paris,Paris,75019,01 76 53 84 12,France,48.888657,2.378072,Audrey David,female,3/26/1977,028-50-1486 ,Voyager,8.69988E+15,2029/11,69
19 Rue des Archives,Paris,Paris,75004,01 42 74 47 24,France,48.858601,2.355239,Benoît Mace,male,6/7/1970,728-52-1099 ,Unionpay,6.28949E+15,2028/11,932
19 Rue Daguerre,Paris,Paris,75014,01 43 20 20 79,France,48.833816,2.329754,Alexandria Laroche-Torres,female,1/21/1989,747-55-2776 ,Visa,4.02401E+15,2027/8,292
55 Avenue Raymond Poincare,Paris,Paris,75116,01 44 05 66 10,France,48.867255,2.285812,Hélène Millet,female,12/17/1997,095-19-1315 ,JCB,3.50472E+15,2027/5,522
234 Boulevard Raspail,Paris,Paris,75014,01 40 47 57 34,France,48.83935,2.330637,Diane-Hortense Etienne,female,9/27/1977,443-01-1125 ,American Express,3.43153E+14,2030/12,786
27 Rue de la Ferronnerie,Paris,Paris,75001,01 42 33 23 47,France,48.860249,2.347015,Adélaïde Blondel,female,7/24/1979,609-67-2854 ,American Express,3.42578E+14,2031/4,707
44 Rue de Torcy,Paris,Paris,75018,,France,48.89139,2.361445,Diane Leleu,female,12/23/1989,284-56-0707 ,Diners Club,3.01329E+15,2031/2,729
20 Rue du Faubourg Poissonniere,Paris,Paris,75010,01 42 46 56 20,France,48.872455,2.34804,Emmanuel Toussaint,male,12/9/1992,056-57-1575 ,JCB,3.5977E+15,2031/1,838
33 Boulevard de Reuilly,Paris,Paris,75012,01 44 87 09 09,France,48.839449,2.392678,Arthur Diaz,male,12/20/1986,760-87-0331 ,Diners Club,3.02544E+15,2031/6,369
23 Boulevard de Sebastopol,Paris,Paris,75001,01 40 26 17 08,France,48.860172,2.348943,Monique Hubert,female,12/14/1973,209-29-8237 ,Unionpay,6.28002E+15,2027/3,867
54 Avenue Felix Faure,Paris,Paris,75015,01 45 54 13 91,France,48.840771,2.286798,Marine du Gaudin,female,10/14/1994,339-51-1035 ,Voyager,8.69942E+15,2028/4,913
35 Rue Saint-Lazare,Paris,Paris,75009,09 81 71 03 04,France,48.876739,2.335885,Thibault Poulain,male,7/5/1977,353-54-9113 ,JCB,3.52049E+15,2027/5,144
32 Rue Etienne Marcel,Paris,Paris,75002,01 42 33 30 64,France,48.864592,2.346364,Bernard Guyon,male,6/15/1978,479-03-8874 ,JCB,3.50189E+15,2028/9,545
61 Bis Avenue de la Grande Armee,Paris,Paris,75116,01 45 00 52 61,France,48.876035,2.287033,Anastasie-Margot Valette,female,12/8/1982,271-55-7806 ,Unionpay,6.2144E+15,2031/8,871
2 Rue Richard Lenoir,Paris,Paris,75011,01 43 72 58 09,France,48.854195,2.382735,Guy Bailly,male,4/28/1974,412-18-3947 ,JCB,3.58936E+15,2027/9,270
5 Rue de Tournon,Paris,Paris,75006,01 46 34 04 18,France,48.851142,2.337167,Emmanuelle Vallet,female,2/28/1995,735-28-1631 ,Voyager,8.69948E+15,2028/12,931
81 Rue des Martyrs,Paris,Paris,75018,01 42 54 56 28,France,48.883215,2.339602,Agnès Lenoir,female,1/8/1991,240-93-6617 ,EnRoute,2.14991E+15,2027/12,228
19 Rue Vivienne,Paris,Paris,75002,01 42 61 33 87,France,48.868543,2.339802,Guy Fontaine,male,1/8/1986,441-10-3971 ,Mastercard,5.2457E+15,2030/2,731
15 Boulevard du Palais,Paris,Paris,75004,01 43 54 22 22,France,48.854382,2.34517,Robert Hamon,male,3/17/1994,428-31-2564 ,Unionpay,6.28064E+15,2028/9,288
56 Rue des Rosiers,Paris,Paris,75004,01 42 74 81 90,France,48.857858,2.358071,Éric-Timothée Rousseau,male,5/22/1997,554-43-3937 ,Mastercard,5.33087E+15,2028/5,449
20 Avenue Kleber,Paris,Paris,75016,01 45 00 68 19,France,48.871196,2.292805,Henri Pages-Besson,male,12/23/1996,323-50-1045 ,Mastercard,5.30516E+15,2028/12,669
16 Place de la Republique,Paris,Paris,75010,01 42 45 16 48,France,48.868275,2.362351,René de la Didier,male,9/10/1977,645-67-6127 ,Discover,6.01139E+15,2030/3,183
87 Rue du Faubourg Saint-Antoine,Paris,Paris,75011,01 43 07 45 98,France,48.851655,2.374996,Antoinette Gay,female,3/17/1973,171-96-1442 ,Mastercard,5.32941E+15,2031/6,45
101 Rue La Boetie,Paris,Paris,75008,01 43 59 69 57,France,48.871331,2.307262,Jacques Francois,male,4/16/1995,691-26-6155 ,American Express,3.70369E+14,2029/2,982
90 Quai de la Loire,Paris,Paris,75019,01 42 02 33 94,France,48.887069,2.379398,Alphonse de Humbert,male,6/3/1975,461-99-3635 ,Voyager,8.69952E+15,2031/7,271
56 Rue de Caumartin,Paris,Paris,75009,01 55 31 74 00,France,48.874488,2.329042,Antoine de la Didier,male,11/22/1975,330-71-1231 ,Mastercard,5.10447E+15,2028/2,622
102 Rue Blomet,Paris,Paris,75015,01 48 28 11 53,France,48.84078,2.299832,Marie Mary-Jacquet,female,11/6/1991,630-94-8768 ,Voyager,8.69906E+15,2028/11,927
45 Rue de Gergovie,Paris,Paris,75014,01 45 42 93 71,France,48.833128,2.316158,Robert Didier,male,1/30/1998,771-89-7887 ,EnRoute,2.01407E+15,2029/9,255
4 Rue Michel Chasles,Paris,Paris,75012,01 43 46 01 64,France,48.846451,2.374071,William Hamel-Roger,male,3/31/1983,424-63-4926 ,Mastercard,5.56919E+15,2029/6,841
35 Place du Marche Saint-Honore,Paris,Paris,75001,01 44 86 97 97,France,48.867555,2.332013,Alexandrie de la Pascal,female,1/10/1980,894-24-9783 ,Diners Club,3.00383E+15,2027/7,808
44 Rue Mouffetard,Paris,Paris,75005,01 45 87 28 13,France,48.84355,2.34944,Édouard Rocher,male,3/9/1974,843-78-7367 ,Diners Club,3.82649E+15,2030/5,205
10 Rue Lamarck,Paris,Paris,75018,01 42 64 90 23,France,48.886486,2.344148,Adélaïde Marie,female,7/15/1999,744-59-8203 ,Voyager,8.69983E+15,2027/6,69
4 Rue des Arenes,Paris,Paris,75005,01 44 08 78 80,France,48.846313,2.347712,Chantal Poulain,female,11/8/1990,238-34-7000 ,JCB,3.56356E+15,2030/8,901
1Bis Rue Charles-Francois Dupuis,Paris,Paris,75003,,France,48.865131,2.362748,Julie Le Gros,female,7/8/1986,343-05-5547 ,Unionpay,6.27839E+15,2030/2,80
9 Rue Mariotte,Paris,Paris,75017,3631,France,48.884273,2.320987,Claudine Le Gall,female,2/20/1976,396-89-4700 ,American Express,3.49681E+14,2028/7,727
91 Rue de Grenelle,Paris,Paris,75007,,France,48.856371,2.321645,Michèle Prevost,female,10/24/1993,650-17-9963 ,Visa,4.02401E+15,2031/4,554
31 Rue Saint-Jacques,Paris,Paris,75005,01 43 54 41 56,France,48.851335,2.345952,Jérôme Le Collet,male,4/21/1971,667-04-7986 ,Discover,6.01194E+15,2028/11,527
97 Rue de Bagnolet,Paris,Paris,75020,01 43 48 72 57,France,48.859093,2.401818,Margot Carpentier,female,8/10/1996,863-03-7010 ,Discover,6.01197E+15,2029/10,787
97 Rue du Chemin Vert,Paris,Paris,75011,01 43 38 31 31,France,48.86102,2.380694,Roland de Nicolas,male,8/21/1995,342-62-8947 ,JCB,3.56207E+15,2027/10,241
69 Rue de Turenne,Paris,Paris,75003,,France,48.859348,2.364423,Denis Godard,male,3/24/1975,193-89-7537 ,JCB,3.55743E+15,2031/5,964
112 Boulevard du Montparnasse,Paris,Paris,75014,01 43 20 71 01,France,48.841627,2.330136,Paul Dijoux,male,2/16/1977,563-61-1717 ,Mastercard,5.12922E+15,2030/10,873
106 Rue Saint-Maur,Paris,Paris,75011,01 43 14 93 15,France,48.86635,2.376798,Suzanne Guichard,female,7/12/1975,018-15-7835 ,Visa,4.55683E+15,2030/7,412
95 Boulevard de Sebastopol,Paris,Paris,75002,01 42 33 36 15,France,48.865559,2.351918,Roland Neveu,male,10/9/1970,843-84-8869 ,Mastercard,5.57498E+15,2029/8,862
4 Rue du Cher,Paris,Paris,75020,01 46 36 46 24,France,48.864563,2.400176,Virginie Pelletier,female,6/17/1978,138-67-7419 ,American Express,3.49932E+14,2031/11,961
3 Rue Artois,Paris,Paris,75008,01 42 25 26 78,France,48.872231,2.308839,Jérôme-Daniel Baudry,male,7/11/1976,687-27-3624 ,Mastercard,5.57772E+15,2029/1,982
9 Rue Nicolo,Paris,Paris,75016,01 42 88 77 86,France,48.858465,2.280468,Henri Pierre,male,8/31/1979,630-94-4782 ,American Express,3.40914E+14,2030/6,426
19 Rue Viala,Paris,Paris,75015,01 45 77 40 78,France,48.85023,2.290371,Constance David,female,8/4/1978,050-09-8886 ,Visa,4.02401E+15,2028/4,520
12bis Rue de la Chine,Paris,Paris,75020,01 43 49 06 88,France,48.867146,2.399364,Margot Chartier,female,2/16/1983,644-12-2890 ,Discover,6.01108E+15,2031/11,21
213 Rue de la Croix Nivert,Paris,Paris,75015,01 55 76 55 55,France,48.836332,2.289742,Alphonse-Tristan Poulain,male,5/9/1981,502-20-4236 ,Unionpay,6.28197E+15,2028/6,95
44 Boulevard de Magenta,Paris,Paris,75010,01 44 84 70 69,France,48.872513,2.359361,Maurice de Moreno,male,11/13/1978,877-22-9388 ,Discover,6.01162E+15,2031/10,630
96 Boulevard des Batignolles,Paris,Paris,75017,01 43 87 28 03,France,48.881663,2.3173,Maryse-Josette Boucher,female,1/28/1997,686-61-3178 ,Discover,6.0119E+15,2030/9,417
40 Rue Bonaparte,Paris,Paris,75006,01 43 29 84 75,France,48.85486,2.333676,Hortense Berger,female,8/1/1975,097-27-0400 ,JCB,3.52169E+15,2027/3,165
216 Rue de Rivoli,Paris,Paris,75001,01 42 60 60 42,France,48.864757,2.329236,Jean Launay,male,11/13/1974,222-43-1894 ,Mastercard,5.27735E+15,2031/11,403
24 Rue des Peupliers,Paris,Paris,75013,01 44 16 53 00,France,48.823226,2.352791,Simone Tanguy,female,6/25/1976,410-52-5897 ,Unionpay,6.27493E+15,2031/8,132
105 Rue de Meaux,Paris,Paris,75019,01 42 41 84 32,France,48.884198,2.377988,Zacharie-Guillaume Verdier,male,10/9/1977,080-90-5167 ,American Express,3.40597E+14,2029/12,75
251 Boulevard Pereire,Paris,Paris,75017,01 45 74 62 88,France,48.878901,2.286488,Alexandria Lebreton,female,8/11/1971,137-81-1258 ,Visa,4.53985E+15,2030/4,973
22 Boulevard Saint-Michel,Paris,Paris,75006,01 53 73 03 03,France,48.851192,2.342844,Dominique-Laurent Marin,male,9/15/1988,311-20-5464 ,Discover,6.01183E+15,2028/5,389
94 Rue d'Amsterdam,Paris,Paris,75009,01 55 07 80 00,France,48.882327,2.327213,Frédéric Cordier,male,11/22/1970,199-15-4903 ,EnRoute,2.01407E+15,2027/10,523
225 Rue de Vaugirard,Paris,Paris,75015,01 43 06 51 66,France,48.841524,2.308405,Pierre Lefort,male,6/5/1991,019-94-8707 ,Discover,6.0118E+15,2030/4,17
26 Rue des Rosiers,Paris,Paris,75004,01 42 77 93 13,France,48.857206,2.359439,Astrid de la Jean,female,10/4/1976,246-80-8239 ,Voyager,8.69999E+15,2030/6,277
99 Rue Ordener,Paris,Paris,75019,01 42 59 47 41,France,48.892081,2.346294,Laetitia Lucas,female,12/23/1985,571-75-5620 ,Unionpay,6.21855E+15,2029/2,304
112 Rue Falguiere,Paris,Paris,75015,01 42 73 29 67,France,48.838354,2.311259,Luce Legendre,female,11/16/1980,182-75-3643 ,Diners Club,3.02406E+15,2027/10,113
21 Rue du Faubourg Saint-Honore,Paris,Paris,75008,01 53 05 98 95,France,48.868831,2.321255,Claire Carlier,female,7/3/1995,141-03-0415 ,American Express,3.43964E+14,2031/4,836
5 Rue du Vieux Colombier,Paris,Paris,75006,01 42 22 75 83,France,48.851273,2.332114,Thérèse Mallet,female,4/29/1970,706-38-4188 ,Visa,4.02401E+15,2028/11,323
32 Bis Quai de la Rapee,Paris,Paris,75012,01 43 43 42 27,France,48.841134,2.37393,Adrien-Henri Delannoy,male,5/15/1996,474-86-5474 ,American Express,3.4635E+14,2030/3,196
26 Rue Sainte-Croix de la Bretonnerie,Paris,Paris,75004,01 48 04 89 55,France,48.858462,2.355522,Odette De Sousa,female,5/23/1996,241-66-9611 ,Mastercard,5.56984E+15,2027/12,936
30 Rue Legendre,Paris,Paris,75017,01 47 63 75 28,France,48.884134,2.31431,Frédérique Mahe,female,12/15/1987,477-59-1930 ,Diners Club,3.61417E+15,2028/5,864
100 Rue du Cherche-Midi,Paris,Paris,75006,06 01 10 89 14,France,48.84719,2.321901,Laurent-Paul Lebreton,male,11/16/1976,583-77-3188 ,Discover,6.01116E+15,2027/1,426
14 Rue Claude Tillier,Paris,Paris,75012,01 43 48 09 04,France,48.848146,2.388066,Noémi Chauvet,female,12/19/1977,446-52-4062 ,Visa,4.55671E+15,2028/7,977
72 Rue Bonaparte,Paris,Paris,75006,01 43 54 47 77,France,48.85151,2.332799,Margaux Maurice,female,1/21/1971,055-21-6364 ,Unionpay,6.27225E+15,2031/11,698
7 Rue la Fayette,Paris,Paris,75009,01 48 74 90 52,France,48.873579,2.334812,Gilbert Weber-Duhamel,male,4/18/1971,178-41-3446 ,Diners Club,3.6168E+15,2028/2,204
7 Avenue Eylau,Paris,Paris,75016,01 47 04 73 61,France,48.863758,2.285623,Jérôme Normand,male,6/5/1992,113-92-4207 ,EnRoute,2.14943E+15,2031/4,883
128 Rue de Tolbiac,Paris,Paris,75013,01 44 24 28 10,France,48.826245,2.359086,Isaac Guillet-Peltier,male,11/29/1988,675-79-1231 ,Diners Club,3.02824E+15,2031/2,805
64 Boulevard Haussmann,Paris,Paris,75009,01 42 82 62 76,France,48.873736,2.328037,Henriette Reynaud,female,12/19/1981,142-18-4683 ,American Express,3.79097E+14,2030/3,413
9 Rue Royale,Paris,Paris,75008,01 55 27 99 00,France,48.867644,2.322504,Dominique Benoit,male,9/1/1981,229-68-8433 ,Visa,4.91606E+15,2027/9,293
24 Rue des Tournelles,Paris,Paris,75004,01 42 72 03 07,France,48.854946,2.367317,Andrée-Zoé Joly,female,5/29/1976,070-76-8073 ,American Express,3.76188E+14,2028/3,677
8 Rue Marie et Louise,Paris,Paris,75010,01 77 32 92 96,France,48.871914,2.3669391,Bernard-Laurent Vallee,male,8/2/1978,317-26-1628 ,Mastercard,5.51377E+15,2031/6,696
82 Rue du Rocher,Paris,Paris,75008,01 45 22 12 44,France,48.880122,2.317742,Noël Jourdan,male,3/6/1980,008-96-2138 ,Unionpay,6.23926E+15,2031/5,73
2 Rue Sainte-Marthe,Paris,Paris,75010,09 51 31 33 34,France,48.873438,2.370919,Stéphane Barbe,male,5/29/1970,207-33-0038 ,Discover,6.01135E+15,2029/9,49
24 Boulevard Saint-Denis,Paris,Paris,75010,01 42 47 11 28,France,48.8696,2.353009,Sébastien Delmas,male,6/5/1976,461-09-9345 ,Mastercard,5.359E+15,2027/8,177
175 Rue Saint-Charles,Paris,Paris,75015,01 45 58 37 91,France,48.841362,2.281187,Lucie-Catherine Remy,female,11/5/1998,597-41-8060 ,Mastercard,5.23865E+15,2029/8,860
51 Rue de Verneuil,Paris,Paris,75007,01 45 44 69 13,France,48.858604,2.326892,Pauline Besson,female,9/12/1993,735-51-6818 ,Unionpay,6.2185E+15,2028/2,397
23 Rue du Docteur Magnan,Paris,Paris,75013,01 53 82 09 51,France,48.826385,2.359728,Susan Ramos,female,2/19/1974,746-43-2273 ,Diners Club,3.68095E+15,2027/1,96
63 Avenue des Ternes,Paris,Paris,75017,01 45 72 55 58,France,48.879156,2.291387,Augustin Bailly,male,6/14/2000,863-86-7263 ,Voyager,8.69999E+15,2028/12,921
28 Rue de Meaux,Paris,Paris,75019,01 42 38 35 53,France,48.879779,2.3722,Marc Chauveau,male,8/29/1994,205-85-2898 ,Discover,6.01164E+15,2030/2,315
161 Rue Amelot,Paris,Paris,75011,01 43 38 85 11,France,48.865893,2.366,Éric Lagarde,male,10/22/1973,437-66-1862 ,Diners Club,3.02906E+15,2029/7,563
46 Rue St George,Paris,Paris,75009,01 49 95 02 10,France,48.87705,2.337405,Colette Grenier,female,8/18/1991,708-45-9302 ,Unionpay,6.2799E+15,2028/2,453
18 Rue du Faubourg du Temple,Paris,Paris,75011,01 47 00 78 88,France,48.868341,2.366206,René Diallo,male,6/4/1971,050-04-6612 ,American Express,3.78258E+14,2030/5,302
72 Rue Mouffetard,Paris,Paris,75005,01 43 36 42 71,France,48.842433,2.349615,Odette Fernandes,female,9/1/1973,418-88-3527 ,Mastercard,5.3491E+15,2027/8,688
85Bis Boulevard de Magenta,Paris,Paris,75010,01 48 85 93 30,France,48.876946,2.355109,Arthur Schneider,male,2/19/1976,369-60-0860 ,Visa,4.48516E+15,2028/10,548
11 Bis Rue des Carmes,Paris,Paris,75005,01 43 26 50 04,France,48.848622,2.347502,Luce Robin,female,11/4/1998,752-75-8872 ,Visa,4.92914E+15,2027/6,118
11 Rue de Birague,Paris,Paris,75004,01 42 77 97 19,France,48.8546,2.365027,Zacharie Monnier,male,11/18/1978,380-29-2049 ,Diners Club,3.02507E+15,2030/7,80
14 Rue Coquilliere,Paris,Paris,75001,01 42 36 51 60,France,48.863607,2.34311,Léon Riou-Gerard,male,8/9/1980,059-39-3897 ,American Express,3.76255E+14,2027/8,321
51 Rue Censier,Paris,Paris,75005,01 43 31 68 12,France,48.839394,2.350437,Émilie Levy-Olivier,female,6/26/1977,572-70-3174 ,Diners Club,3.00027E+15,2030/11,997
46 Rue Poliveau,Paris,Paris,75005,01 45 35 25 34,France,48.839844,2.356801,Michelle Verdier,female,2/26/1989,338-89-8394 ,EnRoute,2.01466E+15,2028/12,565
